Id,chunk_entrada,chunk_saida,status,tokens,timestamp
643183,000001.tar,000001,sucesso,5408,2026-01-08T11:25:46.063178
643217,000001.tar,000001,sucesso,4342,2026-01-08T11:25:46.121465
643216,000001.tar,000001,sucesso,4507,2026-01-08T11:25:46.219103
643188,000001.tar,000001,sucesso,2593,2026-01-08T11:25:46.819541
643193,000001.tar,000001,sucesso,4842,2026-01-08T11:25:47.452726
643186,000001.tar,000001,sucesso,3726,2026-01-08T11:25:47.841889
643219,000001.tar,000001,sucesso,5147,2026-01-08T11:25:47.887307
643119,000001.tar,000001,sucesso,3726,2026-01-08T11:25:47.919088
643191,000001.tar,000001,sucesso,3108,2026-01-08T11:25:48.047003
643197,000001.tar,000001,sucesso,4894,2026-01-08T11:25:48.294277
643211,000001.tar,000001,sucesso,3969,2026-01-08T11:25:48.469049
643192,000001.tar,000001,sucesso,5316,2026-01-08T11:25:48.670862
643187,000001.tar,000001,sucesso,3590,2026-01-08T11:25:49.092950
643118,000001.tar,000001,sucesso,5638,2026-01-08T11:25:49.221828
643215,000001.tar,000001,sucesso,5258,2026-01-08T11:25:49.225330
643121,000001.tar,000001,sucesso,5143,2026-01-08T11:25:49.320236
643122,000001.tar,000001,sucesso,4846,2026-01-08T11:25:49.973178
643218,000001.tar,000001,sucesso,6578,2026-01-08T11:25:51.490494
643196,000001.tar,000001,sucesso,7152,2026-01-08T11:25:51.806628
643195,000001.tar,000001,sucesso,6583,2026-01-08T11:25:52.523302
643214,000001.tar,000001,sucesso,6739,2026-01-08T11:25:53.018771
643190,000001.tar,000001,sucesso,8612,2026-01-08T11:25:53.850920
643198,000001.tar,000001,sucesso,8281,2026-01-08T11:25:54.001961
643120,000001.tar,000001,sucesso,6619,2026-01-08T11:25:54.677747
643123,000001.tar,000001,sucesso,6595,2026-01-08T11:25:56.024240
643239,000001.tar,000001,sucesso,6226,2026-01-08T11:25:56.191655
643212,000001.tar,000001,sucesso,8030,2026-01-08T11:25:57.606648
643248,000001.tar,000001,sucesso,3317,2026-01-08T11:26:00.364788
643242,000001.tar,000001,sucesso,2632,2026-01-08T11:26:01.949466
643241,000001.tar,000001,sucesso,6429,2026-01-08T11:26:02.914348
643240,000001.tar,000001,sucesso,6353,2026-01-08T11:26:03.125580
643243,000001.tar,000001,sucesso,4428,2026-01-08T11:26:03.428412
643221,000001.tar,000001,sucesso,3754,2026-01-08T11:26:04.194107
643222,000001.tar,000001,sucesso,5230,2026-01-08T11:26:04.715940
643247,000001.tar,000001,sucesso,6689,2026-01-08T11:26:04.786543
643189,000001.tar,000001,sucesso,6275,2026-01-08T11:26:05.302911
643250,000001.tar,000001,sucesso,4960,2026-01-08T11:26:05.506409
643249,000001.tar,000001,sucesso,5925,2026-01-08T11:26:05.721821
643223,000001.tar,000001,sucesso,3318,2026-01-08T11:26:05.897425
643213,000001.tar,000001,sucesso,4743,2026-01-08T11:26:06.069910
643245,000001.tar,000001,sucesso,4223,2026-01-08T11:26:06.477967
643220,000001.tar,000001,sucesso,6415,2026-01-08T11:26:06.971233
643251,000001.tar,000001,sucesso,3665,2026-01-08T11:26:06.995947
643244,000001.tar,000001,sucesso,7758,2026-01-08T11:26:07.510785
643246,000001.tar,000001,sucesso,6029,2026-01-08T11:26:08.042964
643194,000001.tar,000001,sucesso,8425,2026-01-08T11:26:08.064328
643224,000001.tar,000001,sucesso,5250,2026-01-08T11:26:08.372518
643225,000001.tar,000001,sucesso,4308,2026-01-08T11:26:08.513232
643229,000001.tar,000001,sucesso,3636,2026-01-08T11:26:09.098648
643238,000001.tar,000001,sucesso,3188,2026-01-08T11:26:10.136003
643265,000001.tar,000001,sucesso,5009,2026-01-08T11:26:10.815311
643252,000001.tar,000001,sucesso,7052,2026-01-08T11:26:10.847534
643256,000001.tar,000001,sucesso,4310,2026-01-08T11:26:11.429732
643228,000001.tar,000001,sucesso,6019,2026-01-08T11:26:11.477244
643257,000001.tar,000001,sucesso,6056,2026-01-08T11:26:11.840116
643264,000001.tar,000001,sucesso,4414,2026-01-08T11:26:12.035441
643263,000001.tar,000001,sucesso,4354,2026-01-08T11:26:12.180445
643260,000001.tar,000001,sucesso,4954,2026-01-08T11:26:12.209598
643269,000001.tar,000001,sucesso,4323,2026-01-08T11:26:12.854618
643236,000001.tar,000001,sucesso,6947,2026-01-08T11:26:12.878110
643227,000001.tar,000001,sucesso,6007,2026-01-08T11:26:13.158541
643259,000001.tar,000001,sucesso,5461,2026-01-08T11:26:13.396049
643254,000001.tar,000001,sucesso,3794,2026-01-08T11:26:13.946805
643272,000001.tar,000001,sucesso,4686,2026-01-08T11:26:14.195866
643270,000001.tar,000001,sucesso,7909,2026-01-08T11:26:14.500006
643268,000001.tar,000001,sucesso,5731,2026-01-08T11:26:15.427118
643267,000001.tar,000001,sucesso,6185,2026-01-08T11:26:15.495980
643274,000001.tar,000001,sucesso,6009,2026-01-08T11:26:15.514988
643226,000001.tar,000001,sucesso,7388,2026-01-08T11:26:15.522947
643271,000001.tar,000001,sucesso,6886,2026-01-08T11:26:16.309476
643255,000001.tar,000001,sucesso,5680,2026-01-08T11:26:16.614108
643280,000001.tar,000001,sucesso,2903,2026-01-08T11:26:17.050556
643282,000001.tar,000001,sucesso,3157,2026-01-08T11:26:17.814331
643276,000001.tar,000001,sucesso,9781,2026-01-08T11:26:18.070892
643275,000001.tar,000001,sucesso,6961,2026-01-08T11:26:18.419715
643279,000001.tar,000001,sucesso,5004,2026-01-08T11:26:18.791510
643258,000001.tar,000001,sucesso,8354,2026-01-08T11:26:20.007771
643281,000001.tar,000001,sucesso,7318,2026-01-08T11:26:20.970723
643266,000001.tar,000001,sucesso,7833,2026-01-08T11:26:21.361792
643289,000001.tar,000001,sucesso,4619,2026-01-08T11:26:21.655094
643290,000001.tar,000001,sucesso,3722,2026-01-08T11:26:21.670744
643291,000001.tar,000001,sucesso,3965,2026-01-08T11:26:22.307241
643237,000001.tar,000001,sucesso,10212,2026-01-08T11:26:22.522266
643277,000001.tar,000001,sucesso,10519,2026-01-08T11:26:22.566467
643295,000001.tar,000001,sucesso,4025,2026-01-08T11:26:22.999026
643294,000001.tar,000001,sucesso,4788,2026-01-08T11:26:23.055919
643293,000001.tar,000001,sucesso,6306,2026-01-08T11:26:23.198577
643299,000001.tar,000001,sucesso,2956,2026-01-08T11:26:23.210858
643278,000001.tar,000001,sucesso,8381,2026-01-08T11:26:23.763450
643253,000001.tar,000001,sucesso,10926,2026-01-08T11:26:23.860868
643231,000001.tar,000001,sucesso,4013,2026-01-08T11:26:24.399855
643285,000001.tar,000001,sucesso,3456,2026-01-08T11:26:24.478083
643298,000001.tar,000001,sucesso,3751,2026-01-08T11:26:24.485706
643235,000001.tar,000001,sucesso,5091,2026-01-08T11:26:24.748095
643292,000001.tar,000001,sucesso,5417,2026-01-08T11:26:24.895951
643287,000001.tar,000001,sucesso,3160,2026-01-08T11:26:25.145855
643297,000001.tar,000001,sucesso,4991,2026-01-08T11:26:25.225428
643301,000001.tar,000001,sucesso,3759,2026-01-08T11:26:25.392649
643232,000001.tar,000001,sucesso,4371,2026-01-08T11:26:25.659427
643288,000001.tar,000001,sucesso,3486,2026-01-08T11:26:25.972671
643284,000001.tar,000001,sucesso,4291,2026-01-08T11:26:26.120319
643300,000001.tar,000001,sucesso,4747,2026-01-08T11:26:26.422459
643286,000001.tar,000001,sucesso,4340,2026-01-08T11:26:26.702980
643283,000001.tar,000001,sucesso,4567,2026-01-08T11:26:26.764076
643296,000001.tar,000001,sucesso,6843,2026-01-08T11:26:27.161412
643230,000001.tar,000001,sucesso,6662,2026-01-08T11:26:27.623290
643302,000001.tar,000001,sucesso,4305,2026-01-08T11:26:27.702403
643303,000001.tar,000001,sucesso,5373,2026-01-08T11:26:28.215716
643304,000001.tar,000001,sucesso,3990,2026-01-08T11:26:28.336241
643233,000001.tar,000001,sucesso,6135,2026-01-08T11:26:29.039203
643305,000001.tar,000001,sucesso,4574,2026-01-08T11:26:29.424249
643234,000001.tar,000001,sucesso,6107,2026-01-08T11:26:30.252445
643326,000001.tar,000001,sucesso,5164,2026-01-08T11:26:31.549767
643307,000001.tar,000001,sucesso,3789,2026-01-08T11:26:33.894111
643356,000001.tar,000001,sucesso,6236,2026-01-08T11:26:34.532635
643360,000001.tar,000001,sucesso,4218,2026-01-08T11:26:34.536045
643311,000001.tar,000001,sucesso,5489,2026-01-08T11:26:34.562981
643312,000001.tar,000001,sucesso,6302,2026-01-08T11:26:34.784903
643314,000001.tar,000001,sucesso,4414,2026-01-08T11:26:34.807171
643358,000001.tar,000001,sucesso,5832,2026-01-08T11:26:34.890443
643325,000001.tar,000001,sucesso,8190,2026-01-08T11:26:35.145314
643309,000001.tar,000001,sucesso,5743,2026-01-08T11:26:35.189079
643357,000001.tar,000001,sucesso,4133,2026-01-08T11:26:35.270104
643313,000001.tar,000001,sucesso,7090,2026-01-08T11:26:35.503388
643308,000001.tar,000001,sucesso,4638,2026-01-08T11:26:35.533924
643310,000001.tar,000001,sucesso,6164,2026-01-08T11:26:35.585744
643319,000001.tar,000001,sucesso,6910,2026-01-08T11:26:35.593481
643323,000001.tar,000001,sucesso,6241,2026-01-08T11:26:35.715453
643330,000001.tar,000001,sucesso,4301,2026-01-08T11:26:35.862712
643320,000001.tar,000001,sucesso,7148,2026-01-08T11:26:36.086309
643359,000001.tar,000001,sucesso,6327,2026-01-08T11:26:36.280994
643316,000001.tar,000001,sucesso,5251,2026-01-08T11:26:36.475152
643361,000001.tar,000001,sucesso,3676,2026-01-08T11:26:36.687620
643306,000001.tar,000001,sucesso,5702,2026-01-08T11:26:36.743788
643315,000001.tar,000001,sucesso,4683,2026-01-08T11:26:36.818200
643337,000001.tar,000001,sucesso,7059,2026-01-08T11:26:37.166283
643328,000001.tar,000001,sucesso,3883,2026-01-08T11:26:37.551471
643327,000001.tar,000001,sucesso,5332,2026-01-08T11:26:37.655003
643365,000001.tar,000001,sucesso,2730,2026-01-08T11:26:38.829909
643372,000001.tar,000001,sucesso,4292,2026-01-08T11:26:39.030877
643364,000001.tar,000001,sucesso,5792,2026-01-08T11:26:39.144006
643324,000001.tar,000001,sucesso,8250,2026-01-08T11:26:39.328869
643322,000001.tar,000001,sucesso,8219,2026-01-08T11:26:39.518139
643371,000001.tar,000001,sucesso,2446,2026-01-08T11:26:39.614757
643368,000001.tar,000001,sucesso,4555,2026-01-08T11:26:39.741682
643366,000001.tar,000001,sucesso,4459,2026-01-08T11:26:39.856025
643363,000001.tar,000001,sucesso,6475,2026-01-08T11:26:40.546570
643377,000001.tar,000001,sucesso,4910,2026-01-08T11:26:40.636403
643370,000001.tar,000001,sucesso,5781,2026-01-08T11:26:40.747056
643321,000001.tar,000001,sucesso,9401,2026-01-08T11:26:41.303832
643385,000001.tar,000001,sucesso,4620,2026-01-08T11:26:41.438024
643369,000001.tar,000001,sucesso,5768,2026-01-08T11:26:41.765627
643376,000001.tar,000001,sucesso,5530,2026-01-08T11:26:41.825168
643374,000001.tar,000001,sucesso,5514,2026-01-08T11:26:41.878154
643367,000001.tar,000001,sucesso,7213,2026-01-08T11:26:41.974775
643383,000001.tar,000001,sucesso,5476,2026-01-08T11:26:42.305377
643378,000001.tar,000001,sucesso,4807,2026-01-08T11:26:42.579553
643390,000001.tar,000001,sucesso,2101,2026-01-08T11:26:42.636437
643380,000001.tar,000001,sucesso,5796,2026-01-08T11:26:43.184518
643388,000001.tar,000001,sucesso,5134,2026-01-08T11:26:44.019430
643386,000001.tar,000001,sucesso,6114,2026-01-08T11:26:44.898312
643373,000001.tar,000001,sucesso,7078,2026-01-08T11:26:44.975095
643381,000001.tar,000001,sucesso,6519,2026-01-08T11:26:45.020964
643387,000001.tar,000001,sucesso,6513,2026-01-08T11:26:45.338803
643384,000001.tar,000001,sucesso,6618,2026-01-08T11:26:45.635282
643375,000001.tar,000001,sucesso,7780,2026-01-08T11:26:45.764529
643404,000001.tar,000001,sucesso,4430,2026-01-08T11:26:45.974754
643391,000001.tar,000001,sucesso,3703,2026-01-08T11:26:46.105828
643379,000001.tar,000001,sucesso,9062,2026-01-08T11:26:46.266535
643389,000001.tar,000001,sucesso,6042,2026-01-08T11:26:46.373480
643405,000001.tar,000001,sucesso,4703,2026-01-08T11:26:46.991463
643332,000001.tar,000001,sucesso,5722,2026-01-08T11:26:47.257251
643402,000001.tar,000001,sucesso,5657,2026-01-08T11:26:48.083079
643392,000001.tar,000001,sucesso,2304,2026-01-08T11:26:48.620008
643423,000001.tar,000001,sucesso,5937,2026-01-08T11:26:48.932964
643362,000001.tar,000001,sucesso,10105,2026-01-08T11:26:49.364666
643395,000001.tar,000001,sucesso,4546,2026-01-08T11:26:49.428399
643403,000001.tar,000001,sucesso,5096,2026-01-08T11:26:49.787872
643399,000001.tar,000001,sucesso,4008,2026-01-08T11:26:49.817378
643427,000001.tar,000001,sucesso,4997,2026-01-08T11:26:50.208971
643430,000001.tar,000001,sucesso,4472,2026-01-08T11:26:50.255876
643382,000001.tar,000001,sucesso,9516,2026-01-08T11:26:50.351368
643422,000001.tar,000001,sucesso,6292,2026-01-08T11:26:50.378381
643394,000001.tar,000001,sucesso,5559,2026-01-08T11:26:50.453748
643429,000001.tar,000001,sucesso,3634,2026-01-08T11:26:50.493071
643410,000001.tar,000001,sucesso,5152,2026-01-08T11:26:50.674294
643398,000001.tar,000001,sucesso,4799,2026-01-08T11:26:50.855177
643433,000001.tar,000001,sucesso,4295,2026-01-08T11:26:51.361339
643396,000001.tar,000001,sucesso,5215,2026-01-08T11:26:51.443343
643434,000001.tar,000001,sucesso,3542,2026-01-08T11:26:51.535346
643424,000001.tar,000001,sucesso,6215,2026-01-08T11:26:51.761747
643400,000001.tar,000001,sucesso,2907,2026-01-08T11:26:51.843611
643425,000001.tar,000001,sucesso,5969,2026-01-08T11:26:52.299241
643431,000001.tar,000001,sucesso,5619,2026-01-08T11:26:52.414575
643428,000001.tar,000001,sucesso,6920,2026-01-08T11:26:52.766365
643426,000001.tar,000001,sucesso,6939,2026-01-08T11:26:53.670444
643393,000001.tar,000001,sucesso,6674,2026-01-08T11:26:53.752590
643474,000001.tar,000001,sucesso,4467,2026-01-08T11:26:55.899659
643492,000001.tar,000001,sucesso,3227,2026-01-08T11:26:56.044608
643489,000001.tar,000001,sucesso,3958,2026-01-08T11:26:56.672436
643401,000001.tar,000001,sucesso,6930,2026-01-08T11:26:56.924922
643397,000001.tar,000001,sucesso,7224,2026-01-08T11:26:57.253529
643435,000001.tar,000001,sucesso,7334,2026-01-08T11:26:57.538448
643494,000001.tar,000001,sucesso,3964,2026-01-08T11:26:57.577622
643439,000001.tar,000001,sucesso,6681,2026-01-08T11:26:58.547296
643482,000001.tar,000001,sucesso,4047,2026-01-08T11:26:58.604432
643495,000001.tar,000001,sucesso,4292,2026-01-08T11:26:59.515119
643498,000001.tar,000001,sucesso,6298,2026-01-08T11:26:59.533920
643497,000001.tar,000001,sucesso,3819,2026-01-08T11:27:00.099649
643480,000001.tar,000001,sucesso,2920,2026-01-08T11:27:00.374267
643491,000001.tar,000001,sucesso,5400,2026-01-08T11:27:00.487096
643522,000001.tar,000001,sucesso,3168,2026-01-08T11:27:00.497980
643493,000001.tar,000001,sucesso,5089,2026-01-08T11:27:00.523776
643436,000001.tar,000001,sucesso,10590,2026-01-08T11:27:00.914035
643442,000001.tar,000001,sucesso,7493,2026-01-08T11:27:01.113671
643520,000001.tar,000001,sucesso,3687,2026-01-08T11:27:01.180327
643479,000001.tar,000001,sucesso,4661,2026-01-08T11:27:01.561089
643440,000001.tar,000001,sucesso,7558,2026-01-08T11:27:01.691146
643476,000001.tar,000001,sucesso,5438,2026-01-08T11:27:02.572308
643499,000001.tar,000001,sucesso,6314,2026-01-08T11:27:02.676454
643478,000001.tar,000001,sucesso,5545,2026-01-08T11:27:03.187130
643524,000001.tar,000001,sucesso,4638,2026-01-08T11:27:03.434872
643496,000001.tar,000001,sucesso,8078,2026-01-08T11:27:03.690946
643477,000001.tar,000001,sucesso,5910,2026-01-08T11:27:04.072247
643490,000001.tar,000001,sucesso,3239,2026-01-08T11:27:04.184161
643475,000001.tar,000001,sucesso,6366,2026-01-08T11:27:04.563593
643533,000001.tar,000001,sucesso,2451,2026-01-08T11:27:04.774512
643521,000001.tar,000001,sucesso,6048,2026-01-08T11:27:05.103389
643527,000001.tar,000001,sucesso,5571,2026-01-08T11:27:05.247737
643529,000001.tar,000001,sucesso,4724,2026-01-08T11:27:05.322445
643443,000001.tar,000001,sucesso,8636,2026-01-08T11:27:05.382496
643526,000001.tar,000001,sucesso,5766,2026-01-08T11:27:05.545935
643530,000001.tar,000001,sucesso,4485,2026-01-08T11:27:05.659854
643488,000001.tar,000001,sucesso,6224,2026-01-08T11:27:06.024223
643534,000001.tar,000001,sucesso,3284,2026-01-08T11:27:06.232929
643318,000001.tar,000001,sucesso,9086,2026-01-08T11:27:06.235384
643532,000001.tar,000001,sucesso,6320,2026-01-08T11:27:06.704542
643273,000001.tar,000001,sucesso,4355,2026-01-08T11:27:06.719152
643535,000001.tar,000001,sucesso,3443,2026-01-08T11:27:07.026530
643481,000001.tar,000001,sucesso,10549,2026-01-08T11:27:07.200840
643525,000001.tar,000001,sucesso,5784,2026-01-08T11:27:07.217810
643523,000001.tar,000001,sucesso,7533,2026-01-08T11:27:07.539415
643540,000001.tar,000001,sucesso,3232,2026-01-08T11:27:07.567222
643538,000001.tar,000001,sucesso,3683,2026-01-08T11:27:08.073027
643531,000001.tar,000001,sucesso,4829,2026-01-08T11:27:08.077269
643543,000001.tar,000001,sucesso,3565,2026-01-08T11:27:08.640908
643484,000001.tar,000001,sucesso,7623,2026-01-08T11:27:09.552272
643541,000001.tar,000001,sucesso,4295,2026-01-08T11:27:09.563274
643542,000001.tar,000001,sucesso,4049,2026-01-08T11:27:09.578664
643437,000001.tar,000001,sucesso,12145,2026-01-08T11:27:09.650910
643547,000001.tar,000001,sucesso,7899,2026-01-08T11:27:09.697154
643552,000001.tar,000001,sucesso,7486,2026-01-08T11:27:09.975606
643556,000001.tar,000001,sucesso,5354,2026-01-08T11:27:10.033115
643545,000001.tar,000001,sucesso,4020,2026-01-08T11:27:10.036484
643536,000001.tar,000001,sucesso,4719,2026-01-08T11:27:10.182046
643544,000001.tar,000001,sucesso,4113,2026-01-08T11:27:10.400991
643546,000001.tar,000001,sucesso,6599,2026-01-08T11:27:10.487277
643539,000001.tar,000001,sucesso,4882,2026-01-08T11:27:10.965749
643562,000001.tar,000001,sucesso,5076,2026-01-08T11:27:11.260690
643563,000001.tar,000001,sucesso,3984,2026-01-08T11:27:11.676623
643550,000001.tar,000001,sucesso,8773,2026-01-08T11:27:12.534174
643548,000001.tar,000001,sucesso,9184,2026-01-08T11:27:12.718094
643553,000001.tar,000001,sucesso,8809,2026-01-08T11:27:12.786501
643558,000001.tar,000001,sucesso,8509,2026-01-08T11:27:13.602494
643560,000001.tar,000001,sucesso,5255,2026-01-08T11:27:13.837998
643564,000001.tar,000001,sucesso,6287,2026-01-08T11:27:14.188226
643567,000001.tar,000001,sucesso,4932,2026-01-08T11:27:14.417166
643566,000001.tar,000001,sucesso,8658,2026-01-08T11:27:14.763681
643571,000001.tar,000001,sucesso,7809,2026-01-08T11:27:15.133199
643528,000001.tar,000001,sucesso,9123,2026-01-08T11:27:15.252207
643551,000001.tar,000001,sucesso,10217,2026-01-08T11:27:15.399409
643537,000001.tar,000001,sucesso,8461,2026-01-08T11:27:15.638354
643572,000001.tar,000001,sucesso,5654,2026-01-08T11:27:15.736075
643575,000001.tar,000001,sucesso,5716,2026-01-08T11:27:16.249545
643578,000001.tar,000001,sucesso,5461,2026-01-08T11:27:16.267260
643576,000001.tar,000001,sucesso,5936,2026-01-08T11:27:16.907197
643569,000001.tar,000001,sucesso,8975,2026-01-08T11:27:16.916452
643573,000001.tar,000001,sucesso,6022,2026-01-08T11:27:16.977751
643549,000001.tar,000001,sucesso,8573,2026-01-08T11:27:17.276448
643561,000001.tar,000001,sucesso,10144,2026-01-08T11:27:17.357697
643565,000001.tar,000001,sucesso,6193,2026-01-08T11:27:17.783596
643588,000001.tar,000001,sucesso,4256,2026-01-08T11:27:18.307055
643579,000001.tar,000001,sucesso,5456,2026-01-08T11:27:18.664751
643554,000001.tar,000001,sucesso,8358,2026-01-08T11:27:19.121613
643591,000001.tar,000001,sucesso,5200,2026-01-08T11:27:19.425007
643570,000001.tar,000001,sucesso,10269,2026-01-08T11:27:19.555914
643568,000001.tar,000001,sucesso,7465,2026-01-08T11:27:19.738624
643557,000001.tar,000001,sucesso,12158,2026-01-08T11:27:20.258000
643594,000001.tar,000001,sucesso,5465,2026-01-08T11:27:20.437586
643577,000001.tar,000001,sucesso,7247,2026-01-08T11:27:20.441154
643592,000001.tar,000001,sucesso,5831,2026-01-08T11:27:21.058364
643574,000001.tar,000001,sucesso,8192,2026-01-08T11:27:21.571575
643590,000001.tar,000001,sucesso,6344,2026-01-08T11:27:21.654024
643599,000001.tar,000001,sucesso,3368,2026-01-08T11:27:22.408969
643581,000001.tar,000001,sucesso,4064,2026-01-08T11:27:22.521652
643580,000001.tar,000001,sucesso,9775,2026-01-08T11:27:22.681291
643597,000001.tar,000001,sucesso,6823,2026-01-08T11:27:23.944292
643598,000001.tar,000001,sucesso,6922,2026-01-08T11:27:24.130413
643587,000001.tar,000001,sucesso,9789,2026-01-08T11:27:24.851535
643559,000001.tar,000001,sucesso,13878,2026-01-08T11:27:24.994751
643595,000001.tar,000001,sucesso,3240,2026-01-08T11:27:25.955449
643555,000001.tar,000001,sucesso,2797,2026-01-08T11:27:26.071820
643596,000001.tar,000001,sucesso,4528,2026-01-08T11:27:26.197988
643593,000001.tar,000001,sucesso,7461,2026-01-08T11:27:26.315754
643646,000001.tar,000001,sucesso,5811,2026-01-08T11:27:27.579717
643608,000001.tar,000001,sucesso,4587,2026-01-08T11:27:27.733632
643605,000001.tar,000001,sucesso,6038,2026-01-08T11:27:28.707888
643625,000001.tar,000001,sucesso,7628,2026-01-08T11:27:28.912492
643645,000001.tar,000001,sucesso,5358,2026-01-08T11:27:29.203032
643633,000001.tar,000001,sucesso,10175,2026-01-08T11:27:29.987790
643653,000001.tar,000001,sucesso,2306,2026-01-08T11:27:30.116600
643651,000001.tar,000001,sucesso,5615,2026-01-08T11:27:30.286103
643652,000001.tar,000001,sucesso,2759,2026-01-08T11:27:31.033269
643649,000001.tar,000001,sucesso,19069,2026-01-08T11:27:32.342771
643655,000001.tar,000001,sucesso,3485,2026-01-08T11:27:32.516421
643630,000001.tar,000001,sucesso,9409,2026-01-08T11:27:32.841100
643654,000001.tar,000001,sucesso,5973,2026-01-08T11:27:33.018890
643659,000001.tar,000001,sucesso,2961,2026-01-08T11:27:33.180515
643623,000001.tar,000001,sucesso,7813,2026-01-08T11:27:33.286040
643589,000001.tar,000001,sucesso,9661,2026-01-08T11:27:33.668858
643606,000001.tar,000001,sucesso,10390,2026-01-08T11:27:33.939429
643644,000001.tar,000001,sucesso,8127,2026-01-08T11:27:33.956116
643582,000001.tar,000001,sucesso,6181,2026-01-08T11:27:34.093681
643627,000001.tar,000001,sucesso,18435,2026-01-08T11:27:34.162802
643656,000001.tar,000001,sucesso,5244,2026-01-08T11:27:34.170084
643648,000001.tar,000001,sucesso,7545,2026-01-08T11:27:34.419826
643583,000001.tar,000001,sucesso,8434,2026-01-08T11:27:34.436121
643604,000001.tar,000001,sucesso,9688,2026-01-08T11:27:34.615918
643657,000001.tar,000001,sucesso,4633,2026-01-08T11:27:34.966873
643647,000001.tar,000001,sucesso,12209,2026-01-08T11:27:35.238580
643626,000001.tar,000001,sucesso,16853,2026-01-08T11:27:35.877084
643607,000001.tar,000001,sucesso,10109,2026-01-08T11:27:36.034267
643584,000001.tar,000001,sucesso,9193,2026-01-08T11:27:36.089491
643629,000001.tar,000001,sucesso,16024,2026-01-08T11:27:38.142614
643586,000001.tar,000001,sucesso,9760,2026-01-08T11:27:38.519561
643658,000001.tar,000001,sucesso,7132,2026-01-08T11:27:39.860468
643672,000001.tar,000001,sucesso,9640,2026-01-08T11:27:39.970420
643674,000001.tar,000001,sucesso,6064,2026-01-08T11:27:40.241423
643673,000001.tar,000001,sucesso,6806,2026-01-08T11:27:40.842324
643665,000001.tar,000001,sucesso,2936,2026-01-08T11:27:41.246032
643661,000001.tar,000001,sucesso,3435,2026-01-08T11:27:41.470184
643671,000001.tar,000001,sucesso,8498,2026-01-08T11:27:41.566847
643675,000001.tar,000001,sucesso,8616,2026-01-08T11:27:42.719600
643666,000001.tar,000001,sucesso,3513,2026-01-08T11:27:42.904171
643663,000001.tar,000001,sucesso,4536,2026-01-08T11:27:43.226071
643664,000001.tar,000001,sucesso,3093,2026-01-08T11:27:43.267603
643660,000001.tar,000001,sucesso,5023,2026-01-08T11:27:43.326094
643687,000001.tar,000001,sucesso,6702,2026-01-08T11:27:43.408379
643686,000001.tar,000001,sucesso,5621,2026-01-08T11:27:44.034247
643667,000001.tar,000001,sucesso,4144,2026-01-08T11:27:44.325472
643585,000001.tar,000001,sucesso,10475,2026-01-08T11:27:44.468495
643670,000001.tar,000001,sucesso,3110,2026-01-08T11:27:44.739333
643662,000001.tar,000001,sucesso,6550,2026-01-08T11:27:44.990300
643669,000001.tar,000001,sucesso,4913,2026-01-08T11:27:46.388596
643683,000001.tar,000001,sucesso,7783,2026-01-08T11:27:46.701769
643681,000001.tar,000001,sucesso,35828,2026-01-08T11:27:47.324028
643668,000001.tar,000001,sucesso,5840,2026-01-08T11:27:48.254677
643721,000001.tar,000001,sucesso,2348,2026-01-08T11:27:48.707757
643688,000001.tar,000001,sucesso,4591,2026-01-08T11:27:49.560069
643722,000001.tar,000001,sucesso,8245,2026-01-08T11:27:50.091478
643685,000001.tar,000001,sucesso,9165,2026-01-08T11:27:50.812242
643727,000001.tar,000001,sucesso,5361,2026-01-08T11:27:54.769491
643719,000001.tar,000001,sucesso,4490,2026-01-08T11:27:54.991580
643684,000001.tar,000001,sucesso,14297,2026-01-08T11:27:55.828496
643724,000001.tar,000001,sucesso,5307,2026-01-08T11:27:56.467396
643679,000001.tar,000001,sucesso,8449,2026-01-08T11:27:56.558671
643614,000001.tar,000001,sucesso,4967,2026-01-08T11:27:56.687635
643680,000001.tar,000001,sucesso,5814,2026-01-08T11:27:57.489036
643723,000001.tar,000001,sucesso,6630,2026-01-08T11:27:58.450816
643690,000001.tar,000001,sucesso,5764,2026-01-08T11:27:58.542357
643718,000001.tar,000001,sucesso,7907,2026-01-08T11:27:59.519754
643728,000001.tar,000001,sucesso,3883,2026-01-08T11:27:59.762566
643729,000001.tar,000001,sucesso,7980,2026-01-08T11:28:00.055767
643726,000001.tar,000001,sucesso,8218,2026-01-08T11:28:01.427531
643734,000001.tar,000001,sucesso,5946,2026-01-08T11:28:01.561716
643735,000001.tar,000001,sucesso,5531,2026-01-08T11:28:02.254110
643736,000001.tar,000001,sucesso,4830,2026-01-08T11:28:03.405284
643738,000001.tar,000001,sucesso,3647,2026-01-08T11:28:03.526096
643702,000001.tar,000001,sucesso,6798,2026-01-08T11:28:03.579520
643691,000001.tar,000001,sucesso,7803,2026-01-08T11:28:03.876743
643720,000001.tar,000001,sucesso,2193,2026-01-08T11:28:04.082936
643714,000001.tar,000001,sucesso,4155,2026-01-08T11:28:04.680774
643732,000001.tar,000001,sucesso,6544,2026-01-08T11:28:04.766813
643742,000001.tar,000001,sucesso,9629,2026-01-08T11:28:05.950049
643739,000001.tar,000001,sucesso,7712,2026-01-08T11:28:07.441490
643730,000001.tar,000001,sucesso,9740,2026-01-08T11:28:07.989744
643741,000001.tar,000001,sucesso,9776,2026-01-08T11:28:08.213419
643731,000001.tar,000001,sucesso,11214,2026-01-08T11:28:10.792192
643715,000001.tar,000001,sucesso,6295,2026-01-08T11:28:10.947312
643744,000001.tar,000001,sucesso,4415,2026-01-08T11:28:12.149608
643748,000001.tar,000001,sucesso,4241,2026-01-08T11:28:12.162218
643752,000001.tar,000001,sucesso,5543,2026-01-08T11:28:12.328532
643713,000001.tar,000001,sucesso,7585,2026-01-08T11:28:12.342602
643760,000001.tar,000001,sucesso,5562,2026-01-08T11:28:13.397405
643745,000001.tar,000001,sucesso,4400,2026-01-08T11:28:13.533780
643758,000001.tar,000001,sucesso,3739,2026-01-08T11:28:13.555927
643749,000001.tar,000001,sucesso,5186,2026-01-08T11:28:13.744927
643743,000001.tar,000001,sucesso,10317,2026-01-08T11:28:13.936209
643750,000001.tar,000001,sucesso,4848,2026-01-08T11:28:14.282562
643754,000001.tar,000001,sucesso,6336,2026-01-08T11:28:15.293560
643711,000001.tar,000001,sucesso,4821,2026-01-08T11:28:16.261474
643746,000001.tar,000001,sucesso,5758,2026-01-08T11:28:16.350840
643765,000001.tar,000001,sucesso,3106,2026-01-08T11:28:17.078311
643764,000001.tar,000001,sucesso,5782,2026-01-08T11:28:17.330600
643763,000001.tar,000001,sucesso,6442,2026-01-08T11:28:17.358763
643751,000001.tar,000001,sucesso,6199,2026-01-08T11:28:17.917544
643766,000001.tar,000001,sucesso,8641,2026-01-08T11:28:18.880345
643747,000001.tar,000001,sucesso,10266,2026-01-08T11:28:19.224783
643771,000001.tar,000001,sucesso,7726,2026-01-08T11:28:19.404064
643716,000001.tar,000001,sucesso,4540,2026-01-08T11:28:20.179445
643769,000001.tar,000001,sucesso,7491,2026-01-08T11:28:20.203387
643778,000001.tar,000001,sucesso,7093,2026-01-08T11:28:20.404548
643772,000001.tar,000001,sucesso,9362,2026-01-08T11:28:20.558811
643753,000001.tar,000001,sucesso,8881,2026-01-08T11:28:20.830271
643770,000001.tar,000001,sucesso,9806,2026-01-08T11:28:21.238870
643712,000001.tar,000001,sucesso,5244,2026-01-08T11:28:21.528525
643733,000001.tar,000001,sucesso,7152,2026-01-08T11:28:22.497975
643767,000001.tar,000001,sucesso,3951,2026-01-08T11:28:22.613494
643775,000001.tar,000001,sucesso,11564,2026-01-08T11:28:22.722785
643717,000001.tar,000001,sucesso,5543,2026-01-08T11:28:22.726836
643650,000001.tar,000001,sucesso,10475,2026-01-08T11:28:22.771596
643780,000001.tar,000001,sucesso,7777,2026-01-08T11:28:23.077323
643777,000001.tar,000001,sucesso,10125,2026-01-08T11:28:23.134936
643779,000001.tar,000001,sucesso,7362,2026-01-08T11:28:23.774326
643609,000001.tar,000001,sucesso,13294,2026-01-08T11:28:23.902142
643785,000001.tar,000001,sucesso,4959,2026-01-08T11:28:24.692407
643781,000001.tar,000001,sucesso,8040,2026-01-08T11:28:25.075232
643773,000001.tar,000001,sucesso,12759,2026-01-08T11:28:25.136471
643776,000001.tar,000001,sucesso,10176,2026-01-08T11:28:25.592597
643725,000001.tar,000001,sucesso,13895,2026-01-08T11:28:26.288740
643784,000001.tar,000001,sucesso,6458,2026-01-08T11:28:26.520834
643768,000001.tar,000001,sucesso,11085,2026-01-08T11:28:27.207136
643792,000001.tar,000001,sucesso,4587,2026-01-08T11:28:27.436615
643774,000001.tar,000001,sucesso,14302,2026-01-08T11:28:28.168280
643786,000001.tar,000001,sucesso,7297,2026-01-08T11:28:28.499983
643795,000001.tar,000001,sucesso,6321,2026-01-08T11:28:28.553660
643796,000001.tar,000001,sucesso,5535,2026-01-08T11:28:29.536837
643799,000001.tar,000001,sucesso,6080,2026-01-08T11:28:29.589071
643797,000001.tar,000001,sucesso,9008,2026-01-08T11:28:29.653075
643678,000001.tar,000001,sucesso,7339,2026-01-08T11:28:30.192309
643798,000001.tar,000001,sucesso,6564,2026-01-08T11:28:30.262700
643737,000001.tar,000001,sucesso,9311,2026-01-08T11:28:30.319608
643787,000001.tar,000001,sucesso,10064,2026-01-08T11:28:30.501578
643804,000001.tar,000001,sucesso,10124,2026-01-08T11:28:30.607277
643677,000001.tar,000001,sucesso,6772,2026-01-08T11:28:30.752856
643794,000001.tar,000001,sucesso,6279,2026-01-08T11:28:31.055630
643803,000001.tar,000001,sucesso,11143,2026-01-08T11:28:32.525524
643782,000001.tar,000001,sucesso,20352,2026-01-08T11:28:32.670718
643790,000001.tar,000001,sucesso,7872,2026-01-08T11:28:32.795826
643783,000001.tar,000001,sucesso,9964,2026-01-08T11:28:33.106641
643802,000001.tar,000001,sucesso,11210,2026-01-08T11:28:33.115048
643813,000001.tar,000001,sucesso,4496,2026-01-08T11:28:34.186979
643806,000001.tar,000001,sucesso,4517,2026-01-08T11:28:35.867785
643815,000001.tar,000001,sucesso,6454,2026-01-08T11:28:36.297031
643822,000001.tar,000001,sucesso,6906,2026-01-08T11:28:36.337174
643814,000001.tar,000001,sucesso,9350,2026-01-08T11:28:36.360649
643793,000001.tar,000001,sucesso,8988,2026-01-08T11:28:36.761599
643825,000001.tar,000001,sucesso,5411,2026-01-08T11:28:37.702129
643828,000001.tar,000001,sucesso,4637,2026-01-08T11:28:38.346386
643807,000001.tar,000001,sucesso,8948,2026-01-08T11:28:38.532478
643823,000001.tar,000001,sucesso,6020,2026-01-08T11:28:38.831713
643703,000001.tar,000001,sucesso,20688,2026-01-08T11:28:39.444171
643812,000001.tar,000001,sucesso,5801,2026-01-08T11:28:40.684090
643811,000001.tar,000001,sucesso,8951,2026-01-08T11:28:40.906223
643819,000001.tar,000001,sucesso,11380,2026-01-08T11:28:41.650277
643810,000001.tar,000001,sucesso,9999,2026-01-08T11:28:43.019238
643826,000001.tar,000001,sucesso,8936,2026-01-08T11:28:43.331282
643824,000001.tar,000001,sucesso,11833,2026-01-08T11:28:43.446756
643844,000001.tar,000001,sucesso,6570,2026-01-08T11:28:43.722981
643827,000001.tar,000001,sucesso,8031,2026-01-08T11:28:44.370616
643848,000001.tar,000001,sucesso,5893,2026-01-08T11:28:44.749227
643800,000001.tar,000001,sucesso,5861,2026-01-08T11:28:45.200389
643808,000001.tar,000001,sucesso,16371,2026-01-08T11:28:45.210146
643809,000001.tar,000001,sucesso,9561,2026-01-08T11:28:45.273523
643847,000001.tar,000001,sucesso,4145,2026-01-08T11:28:45.569088
643801,000001.tar,000001,sucesso,5036,2026-01-08T11:28:45.865190
643839,000001.tar,000001,sucesso,9206,2026-01-08T11:28:47.059605
643853,000001.tar,000001,sucesso,4081,2026-01-08T11:28:48.010891
643845,000001.tar,000001,sucesso,7299,2026-01-08T11:28:48.233115
643840,000001.tar,000001,sucesso,7024,2026-01-08T11:28:48.276533
643850,000001.tar,000001,sucesso,9556,2026-01-08T11:28:48.417462
643852,000001.tar,000001,sucesso,4641,2026-01-08T11:28:49.753559
643838,000001.tar,000001,sucesso,7297,2026-01-08T11:28:50.063099
643843,000001.tar,000001,sucesso,18595,2026-01-08T11:28:50.511762
643805,000001.tar,000001,sucesso,8591,2026-01-08T11:28:50.565406
643841,000001.tar,000001,sucesso,6142,2026-01-08T11:28:50.695096
643689,000001.tar,000001,sucesso,33881,2026-01-08T11:28:50.773805
643862,000001.tar,000001,sucesso,5622,2026-01-08T11:28:51.020942
643851,000001.tar,000001,sucesso,9919,2026-01-08T11:28:51.460333
643849,000001.tar,000001,sucesso,10543,2026-01-08T11:28:51.689804
643855,000001.tar,000001,sucesso,5988,2026-01-08T11:28:52.104192
643856,000001.tar,000001,sucesso,14853,2026-01-08T11:28:52.430267
643864,000001.tar,000001,sucesso,4833,2026-01-08T11:28:52.832210
643842,000001.tar,000001,sucesso,11772,2026-01-08T11:28:53.175974
643857,000001.tar,000001,sucesso,5876,2026-01-08T11:28:53.233948
643846,000001.tar,000001,sucesso,10124,2026-01-08T11:28:53.294699
643867,000001.tar,000001,sucesso,6919,2026-01-08T11:28:54.333784
643872,000001.tar,000001,sucesso,7521,2026-01-08T11:28:54.543461
643740,000001.tar,000001,sucesso,4223,2026-01-08T11:28:54.933094
643873,000001.tar,000001,sucesso,6179,2026-01-08T11:28:55.843359
643865,000001.tar,000001,sucesso,7866,2026-01-08T11:28:56.198520
643875,000001.tar,000001,sucesso,14347,2026-01-08T11:28:57.092116
643860,000001.tar,000001,sucesso,8022,2026-01-08T11:28:57.637915
643877,000001.tar,000001,sucesso,10184,2026-01-08T11:28:58.071812
643868,000001.tar,000001,sucesso,6169,2026-01-08T11:28:58.115326
643863,000001.tar,000001,sucesso,6575,2026-01-08T11:28:58.155040
643874,000001.tar,000001,sucesso,6221,2026-01-08T11:28:58.892487
643880,000001.tar,000001,sucesso,5698,2026-01-08T11:28:59.021953
643789,000001.tar,000001,sucesso,6850,2026-01-08T11:28:59.503523
643866,000001.tar,000001,sucesso,5295,2026-01-08T11:28:59.726606
643876,000001.tar,000001,sucesso,9378,2026-01-08T11:29:00.021272
643870,000001.tar,000001,sucesso,8300,2026-01-08T11:29:00.026349
643882,000001.tar,000001,sucesso,5493,2026-01-08T11:29:00.206308
643878,000001.tar,000001,sucesso,13390,2026-01-08T11:29:00.716613
643869,000001.tar,000001,sucesso,8355,2026-01-08T11:29:01.040778
643871,000001.tar,000001,sucesso,8522,2026-01-08T11:29:01.127137
643791,000001.tar,000001,sucesso,7180,2026-01-08T11:29:01.343925
643859,000001.tar,000001,sucesso,15130,2026-01-08T11:29:01.561098
643861,000001.tar,000001,sucesso,9838,2026-01-08T11:29:02.231055
643883,000001.tar,000001,sucesso,8820,2026-01-08T11:29:02.234364
643885,000001.tar,000001,sucesso,11353,2026-01-08T11:29:02.261576
643881,000001.tar,000001,sucesso,9971,2026-01-08T11:29:02.607783
643891,000001.tar,000001,sucesso,4621,2026-01-08T11:29:03.893129
643858,000001.tar,000001,sucesso,11756,2026-01-08T11:29:04.095205
643890,000001.tar,000001,sucesso,6915,2026-01-08T11:29:04.641335
643888,000001.tar,000001,sucesso,5791,2026-01-08T11:29:05.109117
643610,000001.tar,000001,sucesso,31337,2026-01-08T11:29:06.477172
643879,000001.tar,000001,sucesso,8976,2026-01-08T11:29:07.191265
643889,000001.tar,000001,sucesso,7046,2026-01-08T11:29:07.206900
643892,000001.tar,000001,sucesso,12385,2026-01-08T11:29:07.855890
643884,000001.tar,000001,sucesso,13652,2026-01-08T11:29:08.554271
643886,000001.tar,000001,sucesso,8864,2026-01-08T11:29:10.107884
643893,000001.tar,000001,sucesso,10305,2026-01-08T11:29:12.278163
643894,000001.tar,000001,sucesso,9025,2026-01-08T11:29:13.152277
643913,000001.tar,000001,sucesso,22801,2026-01-08T11:29:13.451451
643903,000001.tar,000001,sucesso,8656,2026-01-08T11:29:13.934179
643914,000001.tar,000001,sucesso,6566,2026-01-08T11:29:14.037729
643915,000001.tar,000001,sucesso,8632,2026-01-08T11:29:14.101887
643912,000001.tar,000001,sucesso,10092,2026-01-08T11:29:14.703660
643900,000001.tar,000001,sucesso,8505,2026-01-08T11:29:14.941090
643854,000001.tar,000001,sucesso,10102,2026-01-08T11:29:15.599152
643895,000001.tar,000001,sucesso,8783,2026-01-08T11:29:15.696431
643901,000001.tar,000001,sucesso,8154,2026-01-08T11:29:16.028945
643907,000001.tar,000001,sucesso,8848,2026-01-08T11:29:16.278441
643902,000001.tar,000001,sucesso,9138,2026-01-08T11:29:16.344684
643887,000001.tar,000001,sucesso,4920,2026-01-08T11:29:17.641713
643923,000001.tar,000001,sucesso,31278,2026-01-08T11:29:18.773775
643899,000001.tar,000001,sucesso,8832,2026-01-08T11:29:18.910681
643918,000001.tar,000001,sucesso,5886,2026-01-08T11:29:19.432729
643898,000001.tar,000001,sucesso,4481,2026-01-08T11:29:20.226725
643926,000001.tar,000001,sucesso,3945,2026-01-08T11:29:20.634558
643917,000001.tar,000001,sucesso,6385,2026-01-08T11:29:20.940107
643929,000001.tar,000001,sucesso,6441,2026-01-08T11:29:20.978799
643927,000001.tar,000001,sucesso,8997,2026-01-08T11:29:20.981940
643816,000001.tar,000001,falha,0,2026-01-08T11:29:21.126432
643817,000001.tar,000001,falha,0,2026-01-08T11:29:21.206348
643818,000001.tar,000001,falha,0,2026-01-08T11:29:21.256220
643820,000001.tar,000001,falha,0,2026-01-08T11:29:21.507703
643821,000001.tar,000001,falha,0,2026-01-08T11:29:21.752549
643896,000001.tar,000001,sucesso,5917,2026-01-08T11:29:23.103395
643905,000001.tar,000001,sucesso,4521,2026-01-08T11:29:23.420171
643920,000001.tar,000001,sucesso,6750,2026-01-08T11:29:23.727901
643931,000001.tar,000001,sucesso,11623,2026-01-08T11:29:23.749703
643928,000001.tar,000001,sucesso,9004,2026-01-08T11:29:24.517411
643935,000001.tar,000001,sucesso,8693,2026-01-08T11:29:26.318743
643922,000001.tar,000001,sucesso,13985,2026-01-08T11:29:26.329625
643906,000001.tar,000001,sucesso,7165,2026-01-08T11:29:26.428577
643897,000001.tar,000001,sucesso,11431,2026-01-08T11:29:27.035739
643924,000001.tar,000001,sucesso,9172,2026-01-08T11:29:27.257167
643945,000001.tar,000001,sucesso,6438,2026-01-08T11:29:27.784454
643930,000001.tar,000001,sucesso,11721,2026-01-08T11:29:27.867287
643910,000001.tar,000001,sucesso,6108,2026-01-08T11:29:28.099915
643925,000001.tar,000001,sucesso,9260,2026-01-08T11:29:28.108605
643932,000001.tar,000001,sucesso,12209,2026-01-08T11:29:28.966500
643904,000001.tar,000001,sucesso,8350,2026-01-08T11:29:29.593910
643934,000001.tar,000001,sucesso,10540,2026-01-08T11:29:29.967117
643936,000001.tar,000001,sucesso,9090,2026-01-08T11:29:30.366250
643948,000001.tar,000001,sucesso,8234,2026-01-08T11:29:30.490273
643949,000001.tar,000001,sucesso,5714,2026-01-08T11:29:30.622113
643916,000001.tar,000001,sucesso,6028,2026-01-08T11:29:30.873519
643919,000001.tar,000001,sucesso,19556,2026-01-08T11:29:31.207648
643939,000001.tar,000001,sucesso,7583,2026-01-08T11:29:31.388715
643952,000001.tar,000001,sucesso,11582,2026-01-08T11:29:32.076483
643937,000001.tar,000001,sucesso,9420,2026-01-08T11:29:32.627662
643942,000001.tar,000001,sucesso,6277,2026-01-08T11:29:32.649091
643951,000001.tar,000001,sucesso,6751,2026-01-08T11:29:32.763542
643947,000001.tar,000001,sucesso,6879,2026-01-08T11:29:33.008563
643959,000001.tar,000001,sucesso,4735,2026-01-08T11:29:33.295566
643933,000001.tar,000001,sucesso,16994,2026-01-08T11:29:33.379086
643940,000001.tar,000001,sucesso,8126,2026-01-08T11:29:33.635305
643938,000001.tar,000001,sucesso,6609,2026-01-08T11:29:35.030416
643941,000001.tar,000001,sucesso,8197,2026-01-08T11:29:36.259283
643950,000001.tar,000001,sucesso,9857,2026-01-08T11:29:38.405389
643911,000001.tar,000001,sucesso,5096,2026-01-08T11:29:41.164092
643943,000001.tar,000001,sucesso,8707,2026-01-08T11:29:41.652972
643972,000001.tar,000001,sucesso,10715,2026-01-08T11:29:41.872726
643964,000001.tar,000001,sucesso,8280,2026-01-08T11:29:42.898497
643962,000001.tar,000001,sucesso,7347,2026-01-08T11:29:43.578866
643978,000001.tar,000001,sucesso,9989,2026-01-08T11:29:43.972608
643963,000001.tar,000001,sucesso,7853,2026-01-08T11:29:44.428095
643944,000001.tar,000001,sucesso,9170,2026-01-08T11:29:44.453635
643968,000001.tar,000001,sucesso,10702,2026-01-08T11:29:44.853428
643970,000001.tar,000001,sucesso,7346,2026-01-08T11:29:45.140473
643973,000001.tar,000001,sucesso,14313,2026-01-08T11:29:45.788398
643971,000001.tar,000001,sucesso,12700,2026-01-08T11:29:45.879547
643975,000001.tar,000001,sucesso,10086,2026-01-08T11:29:46.768322
643967,000001.tar,000001,sucesso,12547,2026-01-08T11:29:47.117739
643966,000001.tar,000001,sucesso,11935,2026-01-08T11:29:47.728246
643921,000001.tar,000001,sucesso,4041,2026-01-08T11:29:47.796559
643946,000001.tar,000001,sucesso,17922,2026-01-08T11:29:47.799878
643974,000001.tar,000001,sucesso,10971,2026-01-08T11:29:47.823722
643981,000001.tar,000001,sucesso,7940,2026-01-08T11:29:47.996762
643980,000001.tar,000001,sucesso,5903,2026-01-08T11:29:49.445685
643969,000001.tar,000001,sucesso,12380,2026-01-08T11:29:49.658041
643976,000001.tar,000001,sucesso,8230,2026-01-08T11:29:49.679399
643955,000001.tar,000001,sucesso,15702,2026-01-08T11:29:49.780722
643985,000001.tar,000001,sucesso,8573,2026-01-08T11:29:50.248316
643982,000001.tar,000001,sucesso,9105,2026-01-08T11:29:50.567303
643986,000001.tar,000001,sucesso,9254,2026-01-08T11:29:51.576468
643992,000001.tar,000001,sucesso,4322,2026-01-08T11:29:52.110177
643989,000001.tar,000001,sucesso,6258,2026-01-08T11:29:52.676740
643990,000001.tar,000001,sucesso,5838,2026-01-08T11:29:52.700771
643965,000001.tar,000001,sucesso,7700,2026-01-08T11:29:53.233044
643987,000001.tar,000001,sucesso,6522,2026-01-08T11:29:53.734619
643994,000001.tar,000001,sucesso,11389,2026-01-08T11:29:54.386140
643908,000001.tar,000001,falha,0,2026-01-08T11:29:54.836546
643996,000001.tar,000001,sucesso,6537,2026-01-08T11:29:54.942200
643909,000001.tar,000001,falha,0,2026-01-08T11:29:55.055597
643988,000001.tar,000001,sucesso,7631,2026-01-08T11:29:55.126943
643977,000001.tar,000001,sucesso,11658,2026-01-08T11:29:55.228651
643961,000001.tar,000001,sucesso,8064,2026-01-08T11:29:55.561896
643983,000001.tar,000001,sucesso,15576,2026-01-08T11:29:55.734453
643991,000001.tar,000001,sucesso,7917,2026-01-08T11:29:55.865006
643997,000001.tar,000001,sucesso,7243,2026-01-08T11:29:55.918387
643995,000001.tar,000001,sucesso,7942,2026-01-08T11:29:56.197665
643984,000001.tar,000001,sucesso,7554,2026-01-08T11:29:56.718536
643998,000001.tar,000001,sucesso,7233,2026-01-08T11:29:57.775637
643979,000001.tar,000001,sucesso,10105,2026-01-08T11:29:59.150684
643957,000001.tar,000001,sucesso,7476,2026-01-08T11:30:04.580857
643960,000001.tar,000001,sucesso,10317,2026-01-08T11:30:07.715840
643993,000001.tar,000001,sucesso,14099,2026-01-08T11:30:08.743339
643953,000001.tar,000001,falha,0,2026-01-08T11:30:17.953371
643954,000001.tar,000001,falha,0,2026-01-08T11:30:18.155746
643956,000001.tar,000001,falha,0,2026-01-08T11:30:18.819929
643958,000001.tar,000001,falha,0,2026-01-08T11:30:19.047192
643999,000001.tar,000001,sucesso,8893,2026-01-08T11:30:28.179481
