pagina,num_registros_ok,id_chunk,timestamp
4,0,0,2026-01-05T17:29:23.299244
2,0,0,2026-01-05T17:29:23.691421
5,20,1,2026-01-05T17:29:24.082625
1,21,1,2026-01-05T17:29:24.360643
12,0,0,2026-01-05T17:29:24.625715
11,14,1,2026-01-05T17:29:25.407895
8,41,1,2026-01-05T17:29:26.431030
10,48,1,2026-01-05T17:29:26.744566
13,12,1,2026-01-05T17:29:28.108565
7,45,1,2026-01-05T17:29:28.498865
9,43,1,2026-01-05T17:29:28.581655
3,34,1,2026-01-05T17:29:28.815431
17,4,1,2026-01-05T17:29:30.004135
15,18,1,2026-01-05T17:29:30.228607
6,47,1,2026-01-05T17:29:30.346529
16,16,1,2026-01-05T17:29:30.488764
18,1,1,2026-01-05T17:29:30.509040
14,45,1,2026-01-05T17:29:31.484204
19,12,1,2026-01-05T17:29:31.917841
22,41,1,2026-01-05T17:29:37.075515
20,44,1,2026-01-05T17:29:39.372999
30,1,1,2026-01-05T17:29:42.096668
29,11,1,2026-01-05T17:29:43.846569
27,48,1,2026-01-05T17:29:44.017240
23,37,1,2026-01-05T17:29:44.072941
26,45,1,2026-01-05T17:29:45.402735
21,50,1,2026-01-05T17:29:45.432929
24,48,1,2026-01-05T17:29:46.420503
25,50,1,2026-01-05T17:29:46.904470
31,11,1,2026-01-05T17:29:47.780711
38,13,1,2026-01-05T17:29:48.654427
28,49,1,2026-01-05T17:29:49.202378
40,22,1,2026-01-05T17:29:52.824164
41,0,0,2026-01-05T17:29:54.421152
37,28,1,2026-01-05T17:29:57.706129
39,47,1,2026-01-05T17:29:58.438247
42,0,0,2026-01-05T17:29:59.002518
32,24,1,2026-01-05T17:29:59.302435
33,35,1,2026-01-05T17:29:59.480747
35,48,1,2026-01-05T17:30:01.837398
34,48,1,2026-01-05T17:30:02.298364
50,1,1,2026-01-05T17:30:03.748934
