Id_processo,processo_25,pagina_extraida,chunk_inserida,timestamp,status
0,N/A,1,0,2026-01-06T06:11:33.610570,ignorado
0,N/A,1,0,2026-01-06T06:11:33.610608,ignorado
0,N/A,1,0,2026-01-06T06:11:33.610615,ignorado
0,N/A,1,0,2026-01-06T06:11:33.610622,ignorado
0,N/A,1,0,2026-01-06T06:11:33.610629,ignorado
0,N/A,1,0,2026-01-06T06:11:33.610635,ignorado
0,N/A,1,0,2026-01-06T06:11:33.610670,ignorado
0,N/A,1,0,2026-01-06T06:11:33.610677,ignorado
0,N/A,1,0,2026-01-06T06:11:33.610683,ignorado
0,N/A,1,0,2026-01-06T06:11:33.610690,ignorado
0,N/A,2,0,2026-01-06T06:11:33.620321,ignorado
0,N/A,2,0,2026-01-06T06:11:33.620329,ignorado
0,N/A,2,0,2026-01-06T06:11:33.620336,ignorado
0,N/A,2,0,2026-01-06T06:11:33.620352,ignorado
0,N/A,2,0,2026-01-06T06:11:33.620359,ignorado
0,N/A,2,0,2026-01-06T06:11:33.620366,ignorado
0,745078-4,2,0,2026-01-06T06:11:33.620383,ignorado
0,N/A,2,0,2026-01-06T06:11:33.620386,ignorado
0,N/A,2,0,2026-01-06T06:11:33.620390,ignorado
0,N/A,2,0,2026-01-06T06:11:33.620394,ignorado
0,N/A,2,0,2026-01-06T06:11:33.620398,ignorado
0,N/A,2,0,2026-01-06T06:11:33.620402,ignorado
0,N/A,2,0,2026-01-06T06:11:33.620405,ignorado
0,N/A,2,0,2026-01-06T06:11:33.620409,ignorado
0,N/A,2,0,2026-01-06T06:11:33.620413,ignorado
0,N/A,2,0,2026-01-06T06:11:33.620417,ignorado
0,N/A,2,0,2026-01-06T06:11:33.620421,ignorado
0,1027516-8,2,0,2026-01-06T06:11:33.620424,ignorado
0,1078558-5,2,0,2026-01-06T06:11:33.620427,ignorado
0,N/A,2,0,2026-01-06T06:11:33.620448,ignorado
0,N/A,2,0,2026-01-06T06:11:33.620452,ignorado
0,N/A,2,0,2026-01-06T06:11:33.620468,ignorado
0,N/A,2,0,2026-01-06T06:11:33.620472,ignorado
0,N/A,3,0,2026-01-06T06:11:35.702735,ignorado
0,N/A,3,0,2026-01-06T06:11:35.702743,ignorado
0,N/A,12,0,2026-01-06T06:11:45.506080,ignorado
0,N/A,12,0,2026-01-06T06:11:45.506088,ignorado
0,N/A,12,0,2026-01-06T06:11:45.506094,ignorado
0,N/A,12,0,2026-01-06T06:11:45.506100,ignorado
0,N/A,12,0,2026-01-06T06:11:45.506106,ignorado
0,N/A,12,0,2026-01-06T06:11:45.506112,ignorado
0,N/A,13,0,2026-01-06T06:11:45.627361,ignorado
0,N/A,13,0,2026-01-06T06:11:45.627392,ignorado
0,N/A,13,0,2026-01-06T06:11:45.627403,ignorado
0,N/A,13,0,2026-01-06T06:11:45.627411,ignorado
0,N/A,13,0,2026-01-06T06:11:45.627418,ignorado
0,N/A,13,0,2026-01-06T06:11:45.627425,ignorado
0,N/A,13,0,2026-01-06T06:11:45.627432,ignorado
0,N/A,13,0,2026-01-06T06:11:45.627439,ignorado
0,N/A,13,0,2026-01-06T06:11:45.627446,ignorado
0,N/A,13,0,2026-01-06T06:11:45.627453,ignorado
0,N/A,13,0,2026-01-06T06:11:45.627460,ignorado
0,N/A,13,0,2026-01-06T06:11:45.627467,ignorado
0,N/A,13,0,2026-01-06T06:11:45.627474,ignorado
0,N/A,13,0,2026-01-06T06:11:45.627481,ignorado
0,N/A,13,0,2026-01-06T06:11:45.627487,ignorado
0,N/A,13,0,2026-01-06T06:11:45.627494,ignorado
0,N/A,13,0,2026-01-06T06:11:45.627500,ignorado
0,N/A,13,0,2026-01-06T06:11:45.627507,ignorado
0,N/A,13,0,2026-01-06T06:11:45.627514,ignorado
0,N/A,13,0,2026-01-06T06:11:45.627520,ignorado
0,N/A,13,0,2026-01-06T06:11:45.627527,ignorado
0,N/A,13,0,2026-01-06T06:11:45.627534,ignorado
0,N/A,13,0,2026-01-06T06:11:45.627541,ignorado
0,N/A,13,0,2026-01-06T06:11:45.627548,ignorado
0,N/A,13,0,2026-01-06T06:11:45.627554,ignorado
0,N/A,13,0,2026-01-06T06:11:45.627561,ignorado
0,N/A,13,0,2026-01-06T06:11:45.627568,ignorado
0,N/A,13,0,2026-01-06T06:11:45.627575,ignorado
0,N/A,13,0,2026-01-06T06:11:45.627582,ignorado
0,N/A,13,0,2026-01-06T06:11:45.627589,ignorado
0,N/A,13,0,2026-01-06T06:11:45.627595,ignorado
0,N/A,13,0,2026-01-06T06:11:45.627602,ignorado
0,N/A,13,0,2026-01-06T06:11:45.627608,ignorado
0,N/A,13,0,2026-01-06T06:11:45.627615,ignorado
0,N/A,13,0,2026-01-06T06:11:45.627622,ignorado
0,N/A,13,0,2026-01-06T06:11:45.627629,ignorado
0,N/A,13,0,2026-01-06T06:11:45.627635,ignorado
0,N/A,13,0,2026-01-06T06:11:45.627642,ignorado
0,N/A,13,0,2026-01-06T06:11:45.627648,ignorado
0,N/A,13,0,2026-01-06T06:11:45.627655,ignorado
0,N/A,13,0,2026-01-06T06:11:45.627661,ignorado
0,N/A,13,0,2026-01-06T06:11:45.627668,ignorado
0,N/A,13,0,2026-01-06T06:11:45.627675,ignorado
0,N/A,13,0,2026-01-06T06:11:45.627682,ignorado
0,N/A,13,0,2026-01-06T06:11:45.627688,ignorado
0,N/A,13,0,2026-01-06T06:11:45.627695,ignorado
0,N/A,13,0,2026-01-06T06:11:45.627701,ignorado
0,N/A,13,0,2026-01-06T06:11:45.627707,ignorado
0,N/A,13,0,2026-01-06T06:11:45.627713,ignorado
0,N/A,13,0,2026-01-06T06:11:45.627719,ignorado
0,N/A,16,0,2026-01-06T06:11:47.713727,ignorado
0,N/A,16,0,2026-01-06T06:11:47.713760,ignorado
0,N/A,16,0,2026-01-06T06:11:47.713770,ignorado
0,N/A,16,0,2026-01-06T06:11:47.713778,ignorado
0,N/A,16,0,2026-01-06T06:11:47.713786,ignorado
0,N/A,16,0,2026-01-06T06:11:47.713794,ignorado
0,N/A,16,0,2026-01-06T06:11:47.713802,ignorado
0,N/A,16,0,2026-01-06T06:11:47.713809,ignorado
0,N/A,16,0,2026-01-06T06:11:47.713816,ignorado
0,N/A,16,0,2026-01-06T06:11:47.713824,ignorado
0,N/A,16,0,2026-01-06T06:11:47.713832,ignorado
0,N/A,16,0,2026-01-06T06:11:47.713839,ignorado
0,N/A,16,0,2026-01-06T06:11:47.713846,ignorado
0,N/A,16,0,2026-01-06T06:11:47.713853,ignorado
0,N/A,16,0,2026-01-06T06:11:47.713860,ignorado
0,N/A,16,0,2026-01-06T06:11:47.713867,ignorado
0,N/A,16,0,2026-01-06T06:11:47.713874,ignorado
0,N/A,16,0,2026-01-06T06:11:47.713881,ignorado
0,N/A,16,0,2026-01-06T06:11:47.713889,ignorado
0,N/A,16,0,2026-01-06T06:11:47.713895,ignorado
0,N/A,16,0,2026-01-06T06:11:47.713902,ignorado
0,N/A,16,0,2026-01-06T06:11:47.713909,ignorado
0,N/A,16,0,2026-01-06T06:11:47.713916,ignorado
0,N/A,16,0,2026-01-06T06:11:47.713923,ignorado
0,N/A,16,0,2026-01-06T06:11:47.713929,ignorado
0,N/A,16,0,2026-01-06T06:11:47.713936,ignorado
0,N/A,16,0,2026-01-06T06:11:47.713943,ignorado
0,N/A,16,0,2026-01-06T06:11:47.713949,ignorado
0,N/A,16,0,2026-01-06T06:11:47.713956,ignorado
0,N/A,16,0,2026-01-06T06:11:47.713963,ignorado
0,N/A,16,0,2026-01-06T06:11:47.713970,ignorado
0,N/A,16,0,2026-01-06T06:11:47.713977,ignorado
0,N/A,16,0,2026-01-06T06:11:47.713984,ignorado
0,N/A,16,0,2026-01-06T06:11:47.713991,ignorado
0,N/A,16,0,2026-01-06T06:11:47.713998,ignorado
0,N/A,16,0,2026-01-06T06:11:47.714004,ignorado
0,N/A,16,0,2026-01-06T06:11:47.714011,ignorado
0,N/A,16,0,2026-01-06T06:11:47.714019,ignorado
0,N/A,16,0,2026-01-06T06:11:47.714026,ignorado
0,N/A,16,0,2026-01-06T06:11:47.714032,ignorado
0,N/A,16,0,2026-01-06T06:11:47.714039,ignorado
0,N/A,16,0,2026-01-06T06:11:47.714046,ignorado
0,N/A,16,0,2026-01-06T06:11:47.714053,ignorado
0,N/A,16,0,2026-01-06T06:11:47.714060,ignorado
0,N/A,16,0,2026-01-06T06:11:47.714067,ignorado
0,N/A,16,0,2026-01-06T06:11:47.714074,ignorado
0,N/A,16,0,2026-01-06T06:11:47.714080,ignorado
0,N/A,16,0,2026-01-06T06:11:47.714087,ignorado
0,N/A,17,0,2026-01-06T06:11:48.576923,ignorado
0,N/A,17,0,2026-01-06T06:11:48.576957,ignorado
0,N/A,17,0,2026-01-06T06:11:48.576968,ignorado
0,N/A,17,0,2026-01-06T06:11:48.576976,ignorado
0,N/A,17,0,2026-01-06T06:11:48.576983,ignorado
0,N/A,17,0,2026-01-06T06:11:48.576995,ignorado
0,N/A,17,0,2026-01-06T06:11:48.577003,ignorado
0,N/A,17,0,2026-01-06T06:11:48.577010,ignorado
0,N/A,17,0,2026-01-06T06:11:48.577017,ignorado
0,N/A,17,0,2026-01-06T06:11:48.577024,ignorado
0,N/A,17,0,2026-01-06T06:11:48.577031,ignorado
0,N/A,17,0,2026-01-06T06:11:48.577043,ignorado
0,N/A,17,0,2026-01-06T06:11:48.577050,ignorado
0,N/A,17,0,2026-01-06T06:11:48.577057,ignorado
0,N/A,17,0,2026-01-06T06:11:48.577064,ignorado
0,N/A,17,0,2026-01-06T06:11:48.577070,ignorado
0,N/A,17,0,2026-01-06T06:11:48.577082,ignorado
0,N/A,17,0,2026-01-06T06:11:48.577089,ignorado
0,N/A,17,0,2026-01-06T06:11:48.577096,ignorado
0,N/A,17,0,2026-01-06T06:11:48.577103,ignorado
0,N/A,17,0,2026-01-06T06:11:48.577110,ignorado
0,N/A,17,0,2026-01-06T06:11:48.577116,ignorado
0,N/A,17,0,2026-01-06T06:11:48.577123,ignorado
0,N/A,17,0,2026-01-06T06:11:48.577130,ignorado
0,N/A,17,0,2026-01-06T06:11:48.577137,ignorado
0,N/A,17,0,2026-01-06T06:11:48.577149,ignorado
0,N/A,17,0,2026-01-06T06:11:48.577156,ignorado
0,N/A,17,0,2026-01-06T06:11:48.577162,ignorado
0,N/A,17,0,2026-01-06T06:11:48.577174,ignorado
0,N/A,17,0,2026-01-06T06:11:48.577181,ignorado
0,N/A,17,0,2026-01-06T06:11:48.577188,ignorado
0,N/A,17,0,2026-01-06T06:11:48.577195,ignorado
0,N/A,17,0,2026-01-06T06:11:48.577206,ignorado
0,N/A,17,0,2026-01-06T06:11:48.577212,ignorado
0,N/A,17,0,2026-01-06T06:11:48.577219,ignorado
0,N/A,17,0,2026-01-06T06:11:48.577226,ignorado
0,N/A,17,0,2026-01-06T06:11:48.577232,ignorado
0,N/A,17,0,2026-01-06T06:11:48.577239,ignorado
0,N/A,17,0,2026-01-06T06:11:48.577245,ignorado
0,N/A,17,0,2026-01-06T06:11:48.577251,ignorado
0,N/A,17,0,2026-01-06T06:11:48.577261,ignorado
0,N/A,17,0,2026-01-06T06:11:48.577267,ignorado
0,N/A,17,0,2026-01-06T06:11:48.577274,ignorado
0,N/A,14,0,2026-01-06T06:11:49.007807,ignorado
0,N/A,14,0,2026-01-06T06:11:49.007836,ignorado
0,N/A,14,0,2026-01-06T06:11:49.007848,ignorado
0,N/A,14,0,2026-01-06T06:11:49.007857,ignorado
0,N/A,14,0,2026-01-06T06:11:49.007865,ignorado
0,N/A,14,0,2026-01-06T06:11:49.007872,ignorado
0,N/A,14,0,2026-01-06T06:11:49.007881,ignorado
0,N/A,14,0,2026-01-06T06:11:49.007889,ignorado
0,N/A,14,0,2026-01-06T06:11:49.007897,ignorado
0,N/A,14,0,2026-01-06T06:11:49.007904,ignorado
0,N/A,14,0,2026-01-06T06:11:49.007912,ignorado
0,N/A,14,0,2026-01-06T06:11:49.007919,ignorado
0,N/A,14,0,2026-01-06T06:11:49.007926,ignorado
0,N/A,14,0,2026-01-06T06:11:49.007933,ignorado
0,N/A,14,0,2026-01-06T06:11:49.007940,ignorado
0,N/A,14,0,2026-01-06T06:11:49.007948,ignorado
0,N/A,14,0,2026-01-06T06:11:49.007955,ignorado
0,N/A,14,0,2026-01-06T06:11:49.007962,ignorado
0,N/A,14,0,2026-01-06T06:11:49.007993,ignorado
0,N/A,14,0,2026-01-06T06:11:49.008001,ignorado
0,N/A,14,0,2026-01-06T06:11:49.008008,ignorado
0,N/A,14,0,2026-01-06T06:11:49.008015,ignorado
0,N/A,14,0,2026-01-06T06:11:49.008022,ignorado
0,N/A,14,0,2026-01-06T06:11:49.008030,ignorado
0,N/A,14,0,2026-01-06T06:11:49.008037,ignorado
0,N/A,14,0,2026-01-06T06:11:49.008044,ignorado
0,N/A,14,0,2026-01-06T06:11:49.008051,ignorado
0,N/A,14,0,2026-01-06T06:11:49.008059,ignorado
0,N/A,14,0,2026-01-06T06:11:49.008066,ignorado
0,N/A,14,0,2026-01-06T06:11:49.008074,ignorado
0,N/A,14,0,2026-01-06T06:11:49.008081,ignorado
0,N/A,14,0,2026-01-06T06:11:49.008088,ignorado
0,N/A,14,0,2026-01-06T06:11:49.008094,ignorado
0,N/A,14,0,2026-01-06T06:11:49.008102,ignorado
0,N/A,14,0,2026-01-06T06:11:49.008109,ignorado
0,N/A,14,0,2026-01-06T06:11:49.008116,ignorado
0,N/A,14,0,2026-01-06T06:11:49.008124,ignorado
0,N/A,14,0,2026-01-06T06:11:49.008131,ignorado
0,N/A,14,0,2026-01-06T06:11:49.008138,ignorado
0,N/A,14,0,2026-01-06T06:11:49.008145,ignorado
0,N/A,14,0,2026-01-06T06:11:49.008152,ignorado
0,N/A,14,0,2026-01-06T06:11:49.008159,ignorado
0,N/A,14,0,2026-01-06T06:11:49.008166,ignorado
0,N/A,14,0,2026-01-06T06:11:49.008172,ignorado
0,N/A,14,0,2026-01-06T06:11:49.008179,ignorado
0,N/A,14,0,2026-01-06T06:11:49.008185,ignorado
0,N/A,14,0,2026-01-06T06:11:49.008192,ignorado
0,N/A,14,0,2026-01-06T06:11:49.008198,ignorado
0,N/A,14,0,2026-01-06T06:11:49.008205,ignorado
0,N/A,14,0,2026-01-06T06:11:49.008212,ignorado
0,N/A,15,0,2026-01-06T06:11:49.128579,ignorado
0,N/A,15,0,2026-01-06T06:11:49.128614,ignorado
0,N/A,15,0,2026-01-06T06:11:49.128625,ignorado
0,N/A,15,0,2026-01-06T06:11:49.128633,ignorado
0,N/A,15,0,2026-01-06T06:11:49.128641,ignorado
0,N/A,15,0,2026-01-06T06:11:49.128648,ignorado
0,N/A,15,0,2026-01-06T06:11:49.128655,ignorado
0,N/A,15,0,2026-01-06T06:11:49.128663,ignorado
0,N/A,15,0,2026-01-06T06:11:49.128671,ignorado
0,N/A,15,0,2026-01-06T06:11:49.128678,ignorado
0,N/A,15,0,2026-01-06T06:11:49.128685,ignorado
0,N/A,15,0,2026-01-06T06:11:49.128692,ignorado
0,N/A,15,0,2026-01-06T06:11:49.128699,ignorado
0,N/A,15,0,2026-01-06T06:11:49.128706,ignorado
0,N/A,15,0,2026-01-06T06:11:49.128713,ignorado
0,N/A,15,0,2026-01-06T06:11:49.128720,ignorado
0,N/A,15,0,2026-01-06T06:11:49.128727,ignorado
0,N/A,15,0,2026-01-06T06:11:49.128734,ignorado
0,N/A,15,0,2026-01-06T06:11:49.128741,ignorado
0,N/A,15,0,2026-01-06T06:11:49.128748,ignorado
0,N/A,15,0,2026-01-06T06:11:49.128755,ignorado
0,N/A,15,0,2026-01-06T06:11:49.128762,ignorado
0,N/A,15,0,2026-01-06T06:11:49.128769,ignorado
0,N/A,15,0,2026-01-06T06:11:49.128775,ignorado
0,N/A,15,0,2026-01-06T06:11:49.128782,ignorado
0,N/A,15,0,2026-01-06T06:11:49.128789,ignorado
0,N/A,15,0,2026-01-06T06:11:49.128797,ignorado
0,N/A,15,0,2026-01-06T06:11:49.128804,ignorado
0,N/A,15,0,2026-01-06T06:11:49.128811,ignorado
0,N/A,15,0,2026-01-06T06:11:49.128818,ignorado
0,N/A,15,0,2026-01-06T06:11:49.128824,ignorado
0,N/A,15,0,2026-01-06T06:11:49.128831,ignorado
0,N/A,15,0,2026-01-06T06:11:49.128838,ignorado
0,N/A,15,0,2026-01-06T06:11:49.128844,ignorado
0,N/A,15,0,2026-01-06T06:11:49.128852,ignorado
0,N/A,15,0,2026-01-06T06:11:49.128858,ignorado
0,N/A,15,0,2026-01-06T06:11:49.128865,ignorado
0,N/A,15,0,2026-01-06T06:11:49.128872,ignorado
0,N/A,15,0,2026-01-06T06:11:49.128878,ignorado
0,N/A,15,0,2026-01-06T06:11:49.128885,ignorado
0,N/A,15,0,2026-01-06T06:11:49.128891,ignorado
0,N/A,15,0,2026-01-06T06:11:49.128898,ignorado
0,N/A,15,0,2026-01-06T06:11:49.128904,ignorado
0,N/A,15,0,2026-01-06T06:11:49.128912,ignorado
0,N/A,15,0,2026-01-06T06:11:49.128918,ignorado
0,N/A,15,0,2026-01-06T06:11:49.128925,ignorado
0,N/A,15,0,2026-01-06T06:11:49.128931,ignorado
0,N/A,15,0,2026-01-06T06:11:49.128938,ignorado
0,N/A,15,0,2026-01-06T06:11:49.128944,ignorado
0,N/A,15,0,2026-01-06T06:11:49.128951,ignorado
0,N/A,18,0,2026-01-06T06:11:49.687499,ignorado
0,N/A,18,0,2026-01-06T06:11:49.687530,ignorado
0,N/A,18,0,2026-01-06T06:11:49.687540,ignorado
0,N/A,18,0,2026-01-06T06:11:49.687548,ignorado
0,N/A,18,0,2026-01-06T06:11:49.687556,ignorado
0,N/A,18,0,2026-01-06T06:11:49.687563,ignorado
0,N/A,18,0,2026-01-06T06:11:49.687570,ignorado
0,N/A,18,0,2026-01-06T06:11:49.687577,ignorado
0,N/A,18,0,2026-01-06T06:11:49.687584,ignorado
0,N/A,18,0,2026-01-06T06:11:49.687591,ignorado
0,N/A,18,0,2026-01-06T06:11:49.687598,ignorado
0,N/A,18,0,2026-01-06T06:11:49.687605,ignorado
0,N/A,18,0,2026-01-06T06:11:49.687612,ignorado
0,N/A,18,0,2026-01-06T06:11:49.687619,ignorado
0,N/A,18,0,2026-01-06T06:11:49.687631,ignorado
0,N/A,18,0,2026-01-06T06:11:49.687638,ignorado
0,N/A,18,0,2026-01-06T06:11:49.687645,ignorado
0,N/A,18,0,2026-01-06T06:11:49.687652,ignorado
0,N/A,18,0,2026-01-06T06:11:49.687659,ignorado
0,N/A,18,0,2026-01-06T06:11:49.687665,ignorado
0,N/A,18,0,2026-01-06T06:11:49.687673,ignorado
0,N/A,18,0,2026-01-06T06:11:49.687680,ignorado
0,N/A,18,0,2026-01-06T06:11:49.687686,ignorado
0,N/A,18,0,2026-01-06T06:11:49.687693,ignorado
0,N/A,18,0,2026-01-06T06:11:49.687700,ignorado
0,N/A,18,0,2026-01-06T06:11:49.687707,ignorado
0,N/A,18,0,2026-01-06T06:11:49.687714,ignorado
0,N/A,18,0,2026-01-06T06:11:49.687721,ignorado
0,N/A,18,0,2026-01-06T06:11:49.687728,ignorado
0,N/A,18,0,2026-01-06T06:11:49.687734,ignorado
0,N/A,18,0,2026-01-06T06:11:49.687741,ignorado
0,N/A,18,0,2026-01-06T06:11:49.687747,ignorado
0,N/A,18,0,2026-01-06T06:11:49.687758,ignorado
0,N/A,18,0,2026-01-06T06:11:49.687765,ignorado
0,N/A,18,0,2026-01-06T06:11:49.687772,ignorado
0,N/A,18,0,2026-01-06T06:11:49.687778,ignorado
0,N/A,18,0,2026-01-06T06:11:49.687785,ignorado
0,N/A,18,0,2026-01-06T06:11:49.687791,ignorado
0,N/A,18,0,2026-01-06T06:11:49.687802,ignorado
0,N/A,18,0,2026-01-06T06:11:49.687808,ignorado
0,N/A,18,0,2026-01-06T06:11:49.687815,ignorado
0,N/A,18,0,2026-01-06T06:11:49.687821,ignorado
0,N/A,18,0,2026-01-06T06:11:49.687827,ignorado
0,N/A,18,0,2026-01-06T06:11:49.687834,ignorado
0,N/A,18,0,2026-01-06T06:11:49.687840,ignorado
0,N/A,18,0,2026-01-06T06:11:49.687847,ignorado
0,N/A,18,0,2026-01-06T06:11:49.687854,ignorado
0,N/A,19,0,2026-01-06T06:11:51.451694,ignorado
0,N/A,19,0,2026-01-06T06:11:51.451743,ignorado
0,N/A,19,0,2026-01-06T06:11:51.451751,ignorado
0,N/A,19,0,2026-01-06T06:11:51.451757,ignorado
0,N/A,19,0,2026-01-06T06:11:51.451763,ignorado
0,N/A,19,0,2026-01-06T06:11:51.451769,ignorado
0,N/A,19,0,2026-01-06T06:11:51.451774,ignorado
0,N/A,19,0,2026-01-06T06:11:51.451779,ignorado
0,N/A,19,0,2026-01-06T06:11:51.451789,ignorado
0,N/A,19,0,2026-01-06T06:11:51.451795,ignorado
0,N/A,19,0,2026-01-06T06:11:51.451801,ignorado
0,N/A,19,0,2026-01-06T06:11:51.451806,ignorado
0,N/A,19,0,2026-01-06T06:11:51.451812,ignorado
0,N/A,19,0,2026-01-06T06:11:51.451818,ignorado
0,N/A,19,0,2026-01-06T06:11:51.451823,ignorado
0,N/A,19,0,2026-01-06T06:11:51.451829,ignorado
0,N/A,19,0,2026-01-06T06:11:51.451835,ignorado
0,N/A,19,0,2026-01-06T06:11:51.451840,ignorado
0,N/A,19,0,2026-01-06T06:11:51.451845,ignorado
0,N/A,19,0,2026-01-06T06:11:51.451851,ignorado
0,N/A,19,0,2026-01-06T06:11:51.451856,ignorado
0,N/A,19,0,2026-01-06T06:11:51.451861,ignorado
0,N/A,19,0,2026-01-06T06:11:51.451867,ignorado
0,N/A,23,0,2026-01-06T06:11:53.179204,ignorado
0,N/A,23,0,2026-01-06T06:11:53.179213,ignorado
0,N/A,23,0,2026-01-06T06:11:53.179221,ignorado
0,N/A,23,0,2026-01-06T06:11:53.179228,ignorado
0,N/A,23,0,2026-01-06T06:11:53.179235,ignorado
0,N/A,23,0,2026-01-06T06:11:53.179243,ignorado
0,N/A,23,0,2026-01-06T06:11:53.179250,ignorado
0,N/A,23,0,2026-01-06T06:11:53.179258,ignorado
0,N/A,23,0,2026-01-06T06:11:53.179265,ignorado
0,N/A,23,0,2026-01-06T06:11:53.179272,ignorado
0,N/A,23,0,2026-01-06T06:11:53.179279,ignorado
0,N/A,23,0,2026-01-06T06:11:53.179286,ignorado
0,N/A,23,0,2026-01-06T06:11:53.179293,ignorado
0,N/A,23,0,2026-01-06T06:11:53.179300,ignorado
0,N/A,23,0,2026-01-06T06:11:53.179307,ignorado
0,N/A,23,0,2026-01-06T06:11:53.179314,ignorado
0,N/A,23,0,2026-01-06T06:11:53.179321,ignorado
0,N/A,23,0,2026-01-06T06:11:53.179327,ignorado
0,N/A,23,0,2026-01-06T06:11:53.179334,ignorado
0,N/A,23,0,2026-01-06T06:11:53.179341,ignorado
0,N/A,23,0,2026-01-06T06:11:53.179347,ignorado
0,N/A,23,0,2026-01-06T06:11:53.179355,ignorado
0,N/A,23,0,2026-01-06T06:11:53.179361,ignorado
0,N/A,23,0,2026-01-06T06:11:53.179369,ignorado
0,N/A,23,0,2026-01-06T06:11:53.179376,ignorado
0,N/A,23,0,2026-01-06T06:11:53.179383,ignorado
0,N/A,23,0,2026-01-06T06:11:53.179389,ignorado
0,N/A,23,0,2026-01-06T06:11:53.179396,ignorado
0,N/A,23,0,2026-01-06T06:11:53.179404,ignorado
0,N/A,23,0,2026-01-06T06:11:53.179410,ignorado
0,N/A,23,0,2026-01-06T06:11:53.179418,ignorado
0,N/A,23,0,2026-01-06T06:11:53.179424,ignorado
0,N/A,23,0,2026-01-06T06:11:53.179431,ignorado
0,N/A,23,0,2026-01-06T06:11:53.179438,ignorado
0,N/A,23,0,2026-01-06T06:11:53.179444,ignorado
0,N/A,23,0,2026-01-06T06:11:53.179452,ignorado
0,N/A,23,0,2026-01-06T06:11:53.179459,ignorado
0,N/A,23,0,2026-01-06T06:11:53.179465,ignorado
0,N/A,23,0,2026-01-06T06:11:53.179472,ignorado
0,N/A,23,0,2026-01-06T06:11:53.179479,ignorado
0,N/A,23,0,2026-01-06T06:11:53.179485,ignorado
0,N/A,24,0,2026-01-06T06:11:54.733839,ignorado
0,N/A,24,0,2026-01-06T06:11:54.733877,ignorado
0,N/A,24,0,2026-01-06T06:11:54.733887,ignorado
0,N/A,24,0,2026-01-06T06:11:54.733895,ignorado
0,N/A,24,0,2026-01-06T06:11:54.733903,ignorado
0,N/A,24,0,2026-01-06T06:11:54.733909,ignorado
0,N/A,24,0,2026-01-06T06:11:54.733916,ignorado
0,N/A,24,0,2026-01-06T06:11:54.733923,ignorado
0,N/A,24,0,2026-01-06T06:11:54.733930,ignorado
0,N/A,24,0,2026-01-06T06:11:54.733937,ignorado
0,N/A,24,0,2026-01-06T06:11:54.733944,ignorado
0,N/A,24,0,2026-01-06T06:11:54.733950,ignorado
0,N/A,24,0,2026-01-06T06:11:54.733957,ignorado
0,N/A,24,0,2026-01-06T06:11:54.733964,ignorado
0,N/A,24,0,2026-01-06T06:11:54.733971,ignorado
0,N/A,24,0,2026-01-06T06:11:54.733978,ignorado
0,N/A,24,0,2026-01-06T06:11:54.733985,ignorado
0,N/A,24,0,2026-01-06T06:11:54.733991,ignorado
0,N/A,24,0,2026-01-06T06:11:54.733998,ignorado
0,N/A,24,0,2026-01-06T06:11:54.734012,ignorado
0,N/A,24,0,2026-01-06T06:11:54.734019,ignorado
0,N/A,24,0,2026-01-06T06:11:54.734030,ignorado
0,N/A,24,0,2026-01-06T06:11:54.734036,ignorado
0,N/A,24,0,2026-01-06T06:11:54.734043,ignorado
0,N/A,24,0,2026-01-06T06:11:54.734050,ignorado
0,N/A,24,0,2026-01-06T06:11:54.734056,ignorado
0,N/A,24,0,2026-01-06T06:11:54.734063,ignorado
0,N/A,24,0,2026-01-06T06:11:54.734069,ignorado
0,N/A,24,0,2026-01-06T06:11:54.734080,ignorado
0,N/A,24,0,2026-01-06T06:11:54.734090,ignorado
0,N/A,24,0,2026-01-06T06:11:54.734097,ignorado
0,N/A,24,0,2026-01-06T06:11:54.734104,ignorado
0,N/A,24,0,2026-01-06T06:11:54.734110,ignorado
0,N/A,24,0,2026-01-06T06:11:54.734116,ignorado
0,N/A,24,0,2026-01-06T06:11:54.734123,ignorado
0,N/A,24,0,2026-01-06T06:11:54.734129,ignorado
0,N/A,24,0,2026-01-06T06:11:54.734136,ignorado
0,N/A,24,0,2026-01-06T06:11:54.734142,ignorado
0,N/A,24,0,2026-01-06T06:11:54.734152,ignorado
0,N/A,24,0,2026-01-06T06:11:54.734159,ignorado
0,N/A,24,0,2026-01-06T06:11:54.734165,ignorado
0,N/A,24,0,2026-01-06T06:11:54.734171,ignorado
0,N/A,24,0,2026-01-06T06:11:54.734178,ignorado
0,N/A,24,0,2026-01-06T06:11:54.734184,ignorado
0,N/A,24,0,2026-01-06T06:11:54.734190,ignorado
0,N/A,26,0,2026-01-06T06:11:55.787703,ignorado
0,N/A,26,0,2026-01-06T06:11:55.787733,ignorado
0,N/A,26,0,2026-01-06T06:11:55.787744,ignorado
0,N/A,26,0,2026-01-06T06:11:55.787752,ignorado
0,N/A,26,0,2026-01-06T06:11:55.787760,ignorado
0,N/A,26,0,2026-01-06T06:11:55.787768,ignorado
0,N/A,26,0,2026-01-06T06:11:55.787775,ignorado
0,N/A,26,0,2026-01-06T06:11:55.787782,ignorado
0,N/A,26,0,2026-01-06T06:11:55.787790,ignorado
0,N/A,26,0,2026-01-06T06:11:55.787797,ignorado
0,N/A,26,0,2026-01-06T06:11:55.787804,ignorado
0,N/A,26,0,2026-01-06T06:11:55.787811,ignorado
0,N/A,26,0,2026-01-06T06:11:55.787818,ignorado
0,N/A,26,0,2026-01-06T06:11:55.787824,ignorado
0,N/A,26,0,2026-01-06T06:11:55.787831,ignorado
0,N/A,26,0,2026-01-06T06:11:55.787838,ignorado
0,N/A,26,0,2026-01-06T06:11:55.787844,ignorado
0,N/A,26,0,2026-01-06T06:11:55.787851,ignorado
0,N/A,26,0,2026-01-06T06:11:55.787858,ignorado
0,N/A,26,0,2026-01-06T06:11:55.787865,ignorado
0,N/A,26,0,2026-01-06T06:11:55.787872,ignorado
0,N/A,26,0,2026-01-06T06:11:55.787879,ignorado
0,N/A,26,0,2026-01-06T06:11:55.787886,ignorado
0,N/A,26,0,2026-01-06T06:11:55.787893,ignorado
0,N/A,26,0,2026-01-06T06:11:55.787900,ignorado
0,N/A,26,0,2026-01-06T06:11:55.787906,ignorado
0,N/A,26,0,2026-01-06T06:11:55.787913,ignorado
0,N/A,26,0,2026-01-06T06:11:55.787920,ignorado
0,N/A,26,0,2026-01-06T06:11:55.787927,ignorado
0,N/A,26,0,2026-01-06T06:11:55.787935,ignorado
0,N/A,26,0,2026-01-06T06:11:55.787942,ignorado
0,N/A,26,0,2026-01-06T06:11:55.787949,ignorado
0,N/A,26,0,2026-01-06T06:11:55.787956,ignorado
0,N/A,26,0,2026-01-06T06:11:55.787963,ignorado
0,N/A,26,0,2026-01-06T06:11:55.787994,ignorado
0,N/A,26,0,2026-01-06T06:11:55.788002,ignorado
0,N/A,26,0,2026-01-06T06:11:55.788009,ignorado
0,N/A,26,0,2026-01-06T06:11:55.788016,ignorado
0,N/A,26,0,2026-01-06T06:11:55.788022,ignorado
0,N/A,26,0,2026-01-06T06:11:55.788038,ignorado
0,N/A,26,0,2026-01-06T06:11:55.788042,ignorado
0,N/A,26,0,2026-01-06T06:11:55.788046,ignorado
0,N/A,26,0,2026-01-06T06:11:55.788050,ignorado
0,N/A,26,0,2026-01-06T06:11:55.788061,ignorado
0,N/A,25,0,2026-01-06T06:11:56.287961,ignorado
0,N/A,25,0,2026-01-06T06:11:56.288013,ignorado
0,N/A,25,0,2026-01-06T06:11:56.288023,ignorado
0,N/A,25,0,2026-01-06T06:11:56.288032,ignorado
0,N/A,25,0,2026-01-06T06:11:56.288040,ignorado
0,N/A,25,0,2026-01-06T06:11:56.288047,ignorado
0,N/A,25,0,2026-01-06T06:11:56.288054,ignorado
0,N/A,25,0,2026-01-06T06:11:56.288061,ignorado
0,N/A,25,0,2026-01-06T06:11:56.288068,ignorado
0,N/A,25,0,2026-01-06T06:11:56.288075,ignorado
0,N/A,25,0,2026-01-06T06:11:56.288081,ignorado
0,N/A,25,0,2026-01-06T06:11:56.288088,ignorado
0,N/A,25,0,2026-01-06T06:11:56.288095,ignorado
0,N/A,25,0,2026-01-06T06:11:56.288101,ignorado
0,N/A,25,0,2026-01-06T06:11:56.288108,ignorado
0,N/A,25,0,2026-01-06T06:11:56.288114,ignorado
0,N/A,25,0,2026-01-06T06:11:56.288120,ignorado
0,N/A,25,0,2026-01-06T06:11:56.288127,ignorado
0,N/A,25,0,2026-01-06T06:11:56.288133,ignorado
0,N/A,25,0,2026-01-06T06:11:56.288139,ignorado
0,N/A,25,0,2026-01-06T06:11:56.288146,ignorado
0,N/A,25,0,2026-01-06T06:11:56.288153,ignorado
0,N/A,25,0,2026-01-06T06:11:56.288159,ignorado
0,N/A,25,0,2026-01-06T06:11:56.288165,ignorado
0,N/A,25,0,2026-01-06T06:11:56.288171,ignorado
0,N/A,25,0,2026-01-06T06:11:56.288178,ignorado
0,N/A,25,0,2026-01-06T06:11:56.288184,ignorado
0,N/A,25,0,2026-01-06T06:11:56.288191,ignorado
0,N/A,25,0,2026-01-06T06:11:56.288198,ignorado
0,N/A,25,0,2026-01-06T06:11:56.288204,ignorado
0,N/A,25,0,2026-01-06T06:11:56.288211,ignorado
0,N/A,25,0,2026-01-06T06:11:56.288218,ignorado
0,N/A,25,0,2026-01-06T06:11:56.288224,ignorado
0,N/A,25,0,2026-01-06T06:11:56.288231,ignorado
0,N/A,25,0,2026-01-06T06:11:56.288237,ignorado
0,N/A,25,0,2026-01-06T06:11:56.288244,ignorado
0,N/A,25,0,2026-01-06T06:11:56.288250,ignorado
0,N/A,25,0,2026-01-06T06:11:56.288257,ignorado
0,N/A,25,0,2026-01-06T06:11:56.288263,ignorado
0,N/A,25,0,2026-01-06T06:11:56.288270,ignorado
0,N/A,25,0,2026-01-06T06:11:56.288276,ignorado
0,N/A,25,0,2026-01-06T06:11:56.288283,ignorado
0,N/A,25,0,2026-01-06T06:11:56.288289,ignorado
0,N/A,25,0,2026-01-06T06:11:56.288295,ignorado
0,N/A,25,0,2026-01-06T06:11:56.288302,ignorado
0,N/A,25,0,2026-01-06T06:11:56.288308,ignorado
0,N/A,25,0,2026-01-06T06:11:56.288315,ignorado
0,N/A,25,0,2026-01-06T06:11:56.288321,ignorado
0,N/A,25,0,2026-01-06T06:11:56.288328,ignorado
0,N/A,25,0,2026-01-06T06:11:56.288334,ignorado
0,N/A,34,0,2026-01-06T06:12:07.233896,ignorado
1029999,0010565-59.2005.8.16.0185,1,1,2026-01-06T06:12:10.302316,ok
1030000,0004576-98.2012.8.16.0097,1,1,2026-01-06T06:12:10.302316,ok
1030001,0065821-66.2019.8.16.0000,1,1,2026-01-06T06:12:10.302316,ok
1030002,0066063-25.2019.8.16.0000,1,1,2026-01-06T06:12:10.302316,ok
1030003,0003962-21.2011.8.16.0100,1,1,2026-01-06T06:12:10.302316,ok
1030004,0065395-54.2019.8.16.0000,1,1,2026-01-06T06:12:10.302316,ok
1030005,0065918-66.2019.8.16.0000,1,1,2026-01-06T06:12:10.302316,ok
1030006,0066004-37.2019.8.16.0000,1,1,2026-01-06T06:12:10.302316,ok
1030007,0065376-48.2019.8.16.0000,1,1,2026-01-06T06:12:10.302316,ok
1030008,0065621-59.2019.8.16.0000,1,1,2026-01-06T06:12:10.302316,ok
1030009,0065863-18.2019.8.16.0000,1,1,2026-01-06T06:12:10.302316,ok
1030010,0065916-96.2019.8.16.0000,1,1,2026-01-06T06:12:10.302316,ok
1030011,0065925-58.2019.8.16.0000,1,1,2026-01-06T06:12:10.302316,ok
1030012,0065928-13.2019.8.16.0000,1,1,2026-01-06T06:12:10.302316,ok
1030013,0065999-15.2019.8.16.0000,1,1,2026-01-06T06:12:10.302316,ok
1030014,0065710-82.2019.8.16.0000,1,1,2026-01-06T06:12:10.302316,ok
1030015,0065718-59.2019.8.16.0000,1,1,2026-01-06T06:12:10.302316,ok
1030016,0065739-35.2019.8.16.0000,1,1,2026-01-06T06:12:10.302316,ok
1030017,0065766-18.2019.8.16.0000,1,1,2026-01-06T06:12:10.302316,ok
1030018,0065788-76.2019.8.16.0000,1,1,2026-01-06T06:12:10.302316,ok
1030019,0065794-83.2019.8.16.0000,1,1,2026-01-06T06:12:10.302316,ok
1030020,0065887-46.2019.8.16.0000,1,1,2026-01-06T06:12:10.302316,ok
1030021,0065783-54.2019.8.16.0000,1,1,2026-01-06T06:12:10.302316,ok
1030022,0047768-37.2019.8.16.0000,1,1,2026-01-06T06:12:10.302316,ok
1030023,0065728-06.2019.8.16.0000,1,1,2026-01-06T06:12:10.302316,ok
1030024,0065407-68.2019.8.16.0000,1,1,2026-01-06T06:12:10.302316,ok
1030025,0065459-64.2019.8.16.0000,1,1,2026-01-06T06:12:10.302316,ok
1030026,0003283-15.2019.8.16.9000,1,1,2026-01-06T06:12:10.302316,ok
1030027,0003101-37.2018.8.16.0117,1,1,2026-01-06T06:12:10.302316,ok
1030028,0001332-75.2016.8.16.0048,1,1,2026-01-06T06:12:10.302316,ok
1030029,0065690-91.2019.8.16.0000,1,1,2026-01-06T06:12:10.302316,ok
1030030,0065691-76.2019.8.16.0000,1,1,2026-01-06T06:12:10.302316,ok
1030031,0065800-90.2019.8.16.0000,1,1,2026-01-06T06:12:10.302316,ok
1030032,0001234-69.2017.8.16.0076,1,1,2026-01-06T06:12:10.302316,ok
1030033,0001704-32.2012.8.16.0026,1,1,2026-01-06T06:12:10.302316,ok
1030034,0016240-31.2009.8.16.0001,1,1,2026-01-06T06:12:10.302316,ok
1030035,0012614-89.2018.8.16.0000,1,1,2026-01-06T06:12:10.302316,ok
1030036,0004636-90.2019.8.16.9000,1,1,2026-01-06T06:12:10.302316,ok
1030037,0004634-23.2019.8.16.9000,1,1,2026-01-06T06:12:10.302316,ok
1030038,0004232-39.2019.8.16.9000,1,1,2026-01-06T06:12:10.302316,ok
1030039,0004259-22.2019.8.16.9000,2,1,2026-01-06T06:12:10.302316,ok
1030040,0002046-43.2019.8.16.9000,2,1,2026-01-06T06:12:10.302316,ok
1030041,0000141-57.2015.8.16.0168,2,1,2026-01-06T06:12:10.302316,ok
1030042,0013189-40.2018.8.16.0019,2,1,2026-01-06T06:12:10.302316,ok
1030043,0043317-66.2019.8.16.0000,2,1,2026-01-06T06:12:10.302316,ok
1030044,0052019-98.2019.8.16.0000,2,1,2026-01-06T06:12:10.302316,ok
1030045,0065192-92.2019.8.16.0000,2,1,2026-01-06T06:12:10.302316,ok
1030046,0053175-58.2018.8.16.0000,2,1,2026-01-06T06:12:10.302316,ok
1030047,0065165-12.2019.8.16.0000,2,1,2026-01-06T06:12:10.302316,ok
1030048,0012554-55.2014.8.16.0001,2,1,2026-01-06T06:12:10.302316,ok
1030049,0064703-55.2019.8.16.0000,2,1,2026-01-06T06:12:10.302316,ok
1030050,0023005-69.2019.8.16.0000,2,1,2026-01-06T06:12:10.302316,ok
1030051,0063959-60.2019.8.16.0000,2,1,2026-01-06T06:12:10.302316,ok
1030052,0000446-84.1978.8.16.0185,2,1,2026-01-06T06:12:10.302316,ok
1030053,1095379-8,2,1,2026-01-06T06:12:10.302316,ok
1030054,1095379-8,2,1,2026-01-06T06:12:10.302316,ok
1030055,878355-9,2,1,2026-01-06T06:12:10.302316,ok
1030056,1494297-5,2,1,2026-01-06T06:12:10.302316,ok
1030057,1653922-1,2,1,2026-01-06T06:12:10.302316,ok
1030058,1017886-2,2,1,2026-01-06T06:12:10.302316,ok
1030059,972072-3,2,1,2026-01-06T06:12:10.302316,ok
1030060,1730403-5,2,1,2026-01-06T06:12:10.302316,ok
1030061,812397-5,2,1,2026-01-06T06:12:10.302316,ok
1030062,931171-5,2,1,2026-01-06T06:12:10.302316,ok
1030063,817846-3,2,1,2026-01-06T06:12:10.302316,ok
1030064,1027544-2,2,1,2026-01-06T06:12:10.302316,ok
1030065,1634350-3,2,1,2026-01-06T06:12:10.302316,ok
1030066,1605201-0,3,1,2026-01-06T06:12:10.302316,ok
1030067,1710210-4,3,1,2026-01-06T06:12:10.302316,ok
1030068,0022773-57.2019.8.16.0000,3,1,2026-01-06T06:12:10.302316,ok
1030069,0029385-11.2019.8.16.0000,3,1,2026-01-06T06:12:10.302316,ok
1030070,0030371-62.2019.8.16.0000,3,1,2026-01-06T06:12:10.302316,ok
1030071,0036318-97.2019.8.16.0000,3,1,2026-01-06T06:12:10.302316,ok
1030072,0009295-50.2018.8.16.0021,3,1,2026-01-06T06:12:10.302316,ok
1030073,0002276-67.2018.8.16.0061,3,1,2026-01-06T06:12:10.302316,ok
1030074,0001945-18.2008.8.16.0035,3,1,2026-01-06T06:12:10.302316,ok
1030075,0053160-55.2019.8.16.0000,3,1,2026-01-06T06:12:10.302316,ok
1030076,0006395-37.2013.8.16.0129,3,1,2026-01-06T06:12:10.302316,ok
1030077,0021987-08.2018.8.16.0013,3,1,2026-01-06T06:12:10.302316,ok
1030078,0057221-56.2019.8.16.0000,3,1,2026-01-06T06:12:10.302316,ok
1030079,0001209-21.2019.8.16.0162,3,1,2026-01-06T06:12:10.302316,ok
1030080,0064459-29.2019.8.16.0000,3,1,2026-01-06T06:12:10.302316,ok
1030081,0065111-46.2019.8.16.0000,3,1,2026-01-06T06:12:10.302316,ok
1030082,0024103-89.2019.8.16.0000,3,1,2026-01-06T06:12:10.302316,ok
1030083,0028437-69.2019.8.16.0000,3,1,2026-01-06T06:12:10.302316,ok
1030084,0048360-81.2019.8.16.0000,3,1,2026-01-06T06:12:10.302316,ok
1030085,0056973-90.2019.8.16.0000,3,1,2026-01-06T06:12:10.302316,ok
1030086,0026010-02.2019.8.16.0000,3,1,2026-01-06T06:12:10.302316,ok
1030087,0082451-29.2017.8.16.0014,3,1,2026-01-06T06:12:10.302316,ok
1030088,0053289-60.2019.8.16.0000,3,1,2026-01-06T06:12:10.302316,ok
1030089,0059525-28.2019.8.16.0000,3,1,2026-01-06T06:12:10.302316,ok
1030090,0065023-08.2019.8.16.0000,3,1,2026-01-06T06:12:10.302316,ok
1030091,0003595-03.2009.8.16.0056,3,1,2026-01-06T06:12:10.302316,ok
1030092,0052147-21.2019.8.16.0000,3,1,2026-01-06T06:12:10.302316,ok
1030093,0062517-59.2019.8.16.0000,3,1,2026-01-06T06:12:10.302316,ok
1030094,0063229-49.2019.8.16.0000,3,1,2026-01-06T06:12:10.302316,ok
1030095,0047689-58.2019.8.16.0000,3,1,2026-01-06T06:12:10.302316,ok
1030096,0001212-33.2011.8.16.0072,3,1,2026-01-06T06:12:10.302316,ok
1030097,0000197-33.2019.8.16.0077,3,1,2026-01-06T06:12:10.302316,ok
1030098,0064996-25.2019.8.16.0000,3,1,2026-01-06T06:12:10.302316,ok
1030099,0065058-65.2019.8.16.0000,3,1,2026-01-06T06:12:10.302316,ok
1030100,0012146-62.2017.8.16.0194,3,1,2026-01-06T06:12:10.302316,ok
1030101,0049955-18.2019.8.16.0000,3,1,2026-01-06T06:12:10.302316,ok
1030102,0001897-54.2009.8.16.0090,3,1,2026-01-06T06:12:10.302316,ok
1030103,0065033-52.2019.8.16.0000,3,1,2026-01-06T06:12:10.302316,ok
1030104,5001628-25.2017.8.16.0000,3,1,2026-01-06T06:12:10.302316,ok
1030105,0012179-98.2018.8.16.0038,3,1,2026-01-06T06:12:10.302316,ok
1030106,0065426-74.2019.8.16.0000,3,1,2026-01-06T06:12:10.302316,ok
1030107,0054966-28.2019.8.16.0000,3,1,2026-01-06T06:12:10.302316,ok
1030108,0064609-10.2019.8.16.0000,3,1,2026-01-06T06:12:10.302316,ok
1030109,0065032-67.2019.8.16.0000,3,1,2026-01-06T06:12:10.302316,ok
1030110,0065284-70.2019.8.16.0000,3,1,2026-01-06T06:12:10.302316,ok
1030111,0065226-67.2019.8.16.0000,3,1,2026-01-06T06:12:10.302316,ok
1030112,0048162-44.2019.8.16.0000,3,1,2026-01-06T06:12:10.302316,ok
1030113,0050364-54.2016.8.16.0014,3,1,2026-01-06T06:12:10.302316,ok
1030114,0053049-71.2019.8.16.0000,7,1,2026-01-06T06:12:10.302316,ok
1030115,0048795-55.2019.8.16.0000,7,1,2026-01-06T06:12:10.302316,ok
1030116,0049223-37.2019.8.16.0000,7,1,2026-01-06T06:12:10.302316,ok
1030117,0054796-56.2019.8.16.0000,7,1,2026-01-06T06:12:10.302316,ok
1030118,0055910-30.2019.8.16.0000,7,1,2026-01-06T06:12:10.302316,ok
1030119,0000126-80.1996.8.16.0095,7,1,2026-01-06T06:12:10.302316,ok
1030120,0003990-17.2019.8.16.0000,7,1,2026-01-06T06:12:10.302316,ok
1030121,0006980-46.2014.8.16.0035,7,1,2026-01-06T06:12:10.302316,ok
1030122,0030900-30.2005.8.16.0014,7,1,2026-01-06T06:12:10.302316,ok
1030123,0052675-55.2019.8.16.0000,7,1,2026-01-06T06:12:10.302316,ok
1030124,0053167-47.2019.8.16.0000,7,1,2026-01-06T06:12:10.302316,ok
1030125,0013170-98.2009.8.16.0035,7,1,2026-01-06T06:12:10.302316,ok
1030126,0011449-32.2018.8.16.0024,7,1,2026-01-06T06:12:10.302316,ok
1030127,0002035-97.2010.8.16.0021,7,1,2026-01-06T06:12:10.302316,ok
1030128,0033333-50.2018.8.16.0014,7,1,2026-01-06T06:12:10.302316,ok
1030129,0005292-36.2006.8.16.0033,7,1,2026-01-06T06:12:10.302316,ok
1030130,0019877-19.2011.8.16.0001,7,1,2026-01-06T06:12:10.302316,ok
1030131,0063810-64.2019.8.16.0000,7,1,2026-01-06T06:12:10.302316,ok
1030132,0065151-28.2019.8.16.0000,7,1,2026-01-06T06:12:10.302316,ok
1030133,0016552-78.2008.8.16.0021,7,1,2026-01-06T06:12:10.302316,ok
1030134,0061138-83.2019.8.16.0000,7,1,2026-01-06T06:12:10.302316,ok
1030135,0019800-32.2019.8.16.0000,7,1,2026-01-06T06:12:10.302316,ok
1030136,0054296-87.2019.8.16.0000,7,1,2026-01-06T06:12:10.302316,ok
1030137,0010336-86.2016.8.16.0194,7,1,2026-01-06T06:12:10.302316,ok
1030138,0010596-37.2013.8.16.0173,7,1,2026-01-06T06:12:10.302316,ok
1030139,0029915-15.2019.8.16.0000,7,1,2026-01-06T06:12:10.302316,ok
1030140,0003582-63.2015.8.16.0033,7,1,2026-01-06T06:12:10.302316,ok
1030141,0060928-32.2019.8.16.0000,7,1,2026-01-06T06:12:10.302316,ok
1030142,0063728-33.2019.8.16.0000,7,1,2026-01-06T06:12:10.302316,ok
1030143,0063852-16.2019.8.16.0000,7,1,2026-01-06T06:12:10.302316,ok
1030144,0001861-33.2017.8.16.0154,7,1,2026-01-06T06:12:10.302316,ok
1030145,0001597-23.2018.8.16.0108,7,1,2026-01-06T06:12:10.302316,ok
1030146,0049184-66.2017.8.16.0014,7,1,2026-01-06T06:12:10.302316,ok
1030147,0062212-75.2019.8.16.0000,7,1,2026-01-06T06:12:10.302316,ok
1030148,0005352-43.2014.8.16.0028,7,1,2026-01-06T06:12:10.302316,ok
1030149,0041355-08.2019.8.16.0000,7,1,2026-01-06T06:12:10.302316,ok
1030150,0001712-07.2019.8.16.0109,7,1,2026-01-06T06:12:10.302316,ok
1030151,0059714-06.2019.8.16.0000,7,1,2026-01-06T06:12:10.302316,ok
1030152,0062081-03.2019.8.16.0000,7,1,2026-01-06T06:12:10.302316,ok
1030153,0064497-41.2019.8.16.0000,7,1,2026-01-06T06:12:10.302316,ok
1030154,0064564-06.2019.8.16.0000,7,1,2026-01-06T06:12:10.302316,ok
1030155,0054747-15.2019.8.16.0000,7,1,2026-01-06T06:12:10.302316,ok
1030156,0058808-16.2019.8.16.0000,7,1,2026-01-06T06:12:10.302316,ok
1030157,0016822-50.2017.8.16.0001,7,1,2026-01-06T06:12:10.302316,ok
1030158,0064937-37.2019.8.16.0000,7,1,2026-01-06T06:12:10.302316,ok
1030159,0004903-69.1997.8.16.0129,7,1,2026-01-06T06:12:10.302316,ok
1030160,0064858-58.2019.8.16.0000,7,1,2026-01-06T06:12:10.302316,ok
1030161,0003257-15.2018.8.16.0088,7,1,2026-01-06T06:12:10.302316,ok
1030162,0059764-32.2019.8.16.0000,7,1,2026-01-06T06:12:10.302316,ok
1030163,0063310-95.2019.8.16.0000,7,1,2026-01-06T06:12:10.302316,ok
1030164,0015828-56.2016.8.16.0001,8,1,2026-01-06T06:12:10.302316,ok
1030165,0050400-70.2018.8.16.0000,8,1,2026-01-06T06:12:10.302316,ok
1030166,0027999-43.2019.8.16.0000,8,1,2026-01-06T06:12:10.302316,ok
1030167,0059652-63.2019.8.16.0000,8,1,2026-01-06T06:12:10.302316,ok
1030168,0009157-49.2019.8.16.0021,8,1,2026-01-06T06:12:10.302316,ok
1030169,0065091-55.2019.8.16.0000,8,1,2026-01-06T06:12:10.302316,ok
1030170,0045352-96.2019.8.16.0000,8,1,2026-01-06T06:12:10.302316,ok
1030171,0060722-18.2019.8.16.0000,8,1,2026-01-06T06:12:10.302316,ok
1030172,0002040-68.2018.8.16.0109,8,1,2026-01-06T06:12:10.302316,ok
1030173,0004788-73.2019.8.16.0130,8,1,2026-01-06T06:12:10.302316,ok
1030174,0004218-85.2018.8.16.0045,8,1,2026-01-06T06:12:10.302316,ok
1030175,0062249-05.2019.8.16.0000,8,1,2026-01-06T06:12:10.302316,ok
1030176,0064435-98.2019.8.16.0000,8,1,2026-01-06T06:12:10.302316,ok
1030177,0053174-39.2019.8.16.0000,8,1,2026-01-06T06:12:10.302316,ok
1030178,0002964-69.2018.8.16.0080,8,1,2026-01-06T06:12:10.302316,ok
1030179,0007258-77.2019.8.16.0130,8,1,2026-01-06T06:12:10.302316,ok
1030180,0016235-43.2018.8.16.0017,8,1,2026-01-06T06:12:10.302316,ok
1030181,0039161-35.2019.8.16.0000,8,1,2026-01-06T06:12:10.302316,ok
1030182,0051566-06.2019.8.16.0000,8,1,2026-01-06T06:12:10.302316,ok
1030183,0060168-83.2019.8.16.0000,8,1,2026-01-06T06:12:10.302316,ok
1030184,0062176-33.2019.8.16.0000,8,1,2026-01-06T06:12:10.302316,ok
1030185,0004589-19.2019.8.16.9000,8,1,2026-01-06T06:12:10.302316,ok
1030186,0004628-16.2019.8.16.9000,8,1,2026-01-06T06:12:10.302316,ok
1030187,0001545-16.2018.8.16.0047,8,1,2026-01-06T06:12:10.302316,ok
1030188,0011990-95.2016.8.16.0069,8,1,2026-01-06T06:12:10.302316,ok
1030189,0011098-96.2018.8.16.0044,8,1,2026-01-06T06:12:10.302316,ok
1030190,0001501-94.2018.8.16.0047,8,1,2026-01-06T06:12:10.302316,ok
1030191,0008820-29.2018.8.16.0075,8,1,2026-01-06T06:12:10.302316,ok
1030192,0004086-95.2019.8.16.9000,8,1,2026-01-06T06:12:10.302316,ok
1030193,0004641-15.2019.8.16.9000,8,1,2026-01-06T06:12:10.302316,ok
1030194,0004112-84.2014.8.16.0168,8,1,2026-01-06T06:12:10.302316,ok
1030195,0012888-51.2018.8.16.0130,8,1,2026-01-06T06:12:10.302316,ok
1030196,0003568-08.2019.8.16.9000,8,1,2026-01-06T06:12:10.302316,ok
1030197,0000443-35.2019.8.16.0075,8,1,2026-01-06T06:12:10.302316,ok
1030198,0007168-66.2017.8.16.0089,8,1,2026-01-06T06:12:10.302316,ok
1030199,0003370-73.2016.8.16.0173,8,1,2026-01-06T06:12:10.302316,ok
1030200,0003492-80.2019.8.16.0044,8,1,2026-01-06T06:12:10.302316,ok
1030201,0004546-82.2019.8.16.9000,8,1,2026-01-06T06:12:10.302316,ok
1030202,0003995-05.2019.8.16.9000,8,1,2026-01-06T06:12:10.302316,ok
1030203,0004047-98.2019.8.16.9000,8,1,2026-01-06T06:12:10.302316,ok
1030204,0016470-68.2018.8.16.0030,8,1,2026-01-06T06:12:10.302316,ok
1030205,0014879-65.2018.8.16.0129,8,1,2026-01-06T06:12:10.302316,ok
1030206,0003232-04.2019.8.16.9000,8,1,2026-01-06T06:12:10.302316,ok
1030207,0029131-11.2018.8.16.0182,8,1,2026-01-06T06:12:10.302316,ok
1030208,0001472-58.2019.8.16.0031,8,1,2026-01-06T06:12:10.302316,ok
1030209,0003202-66.2019.8.16.9000,8,1,2026-01-06T06:12:10.302316,ok
1030210,0000932-46.2019.8.16.0019,8,1,2026-01-06T06:12:10.302316,ok
1030211,0004337-19.2017.8.16.0130,8,1,2026-01-06T06:12:10.302316,ok
1030212,0005215-18.2019.8.16.0018,8,1,2026-01-06T06:12:10.302316,ok
1030213,0005709-26.2019.8.16.0035,8,1,2026-01-06T06:12:10.302316,ok
1030214,0016498-72.2018.8.16.0018,10,1,2026-01-06T06:12:10.302316,ok
1030215,0036052-05.2018.8.16.0014,10,1,2026-01-06T06:12:10.302316,ok
1030216,0020186-42.2018.8.16.0018,10,1,2026-01-06T06:12:10.302316,ok
1030217,0017088-49.2018.8.16.0018,10,1,2026-01-06T06:12:10.302316,ok
1030218,0019404-96.2018.8.16.0030,10,1,2026-01-06T06:12:10.302316,ok
1030219,0037434-18.2018.8.16.0019,10,1,2026-01-06T06:12:10.302316,ok
1030220,0006135-33.2019.8.16.0069,10,1,2026-01-06T06:12:10.302316,ok
1030221,0003802-87.2019.8.16.9000,10,1,2026-01-06T06:12:10.302316,ok
1030222,0004574-50.2019.8.16.9000,10,1,2026-01-06T06:12:10.302316,ok
1030223,0004624-76.2019.8.16.9000,10,1,2026-01-06T06:12:10.302316,ok
1030224,0035206-66.2018.8.16.0182,10,1,2026-01-06T06:12:10.302316,ok
1030225,0003675-49.2018.8.16.0153,10,1,2026-01-06T06:12:10.302316,ok
1030226,0001824-75.2018.8.16.0152,10,1,2026-01-06T06:12:10.302316,ok
1030227,0008496-39.2018.8.16.0075,10,1,2026-01-06T06:12:10.302316,ok
1030228,0008929-43.2018.8.16.0075,10,1,2026-01-06T06:12:10.302316,ok
1030229,0002638-67.2019.8.16.0018,10,1,2026-01-06T06:12:10.302316,ok
1030230,0003146-40.2018.8.16.0182,10,1,2026-01-06T06:12:10.302316,ok
1030231,0013010-49.2018.8.16.0038,10,1,2026-01-06T06:12:10.302316,ok
1030232,0024992-20.2018.8.16.0019,10,1,2026-01-06T06:12:10.302316,ok
1030233,0000532-42.2019.8.16.0048,10,1,2026-01-06T06:12:10.302316,ok
1030234,0001574-68.2018.8.16.0111,10,1,2026-01-06T06:12:10.302316,ok
1030235,0039453-12.2018.8.16.0014,10,1,2026-01-06T06:12:10.302316,ok
1030236,0018639-53.2017.8.16.0130,10,1,2026-01-06T06:12:10.302316,ok
1030237,0002942-13.2018.8.16.0047,10,1,2026-01-06T06:12:10.302316,ok
1030238,0000773-96.2019.8.16.0086,10,1,2026-01-06T06:12:10.302316,ok
1030239,0005682-87.2019.8.16.0182,10,1,2026-01-06T06:12:10.302316,ok
1030240,0006409-08.2019.8.16.0130,10,1,2026-01-06T06:12:10.302316,ok
1030241,0003550-84.2019.8.16.9000,10,1,2026-01-06T06:12:10.302316,ok
1030242,0003689-36.2019.8.16.9000,10,1,2026-01-06T06:12:10.302316,ok
1030243,0010088-21.2018.8.16.0075,10,1,2026-01-06T06:12:10.302316,ok
1030244,0022775-07.2018.8.16.0018,10,1,2026-01-06T06:12:10.302316,ok
1030245,0010819-69.2017.8.16.0069,10,1,2026-01-06T06:12:10.302316,ok
1030246,0007840-57.2018.8.16.0148,10,1,2026-01-06T06:12:10.302316,ok
1030247,0003255-68.2019.8.16.0069,10,1,2026-01-06T06:12:10.302316,ok
1030248,0003254-62.2019.8.16.9000,10,1,2026-01-06T06:12:10.302316,ok
1030249,0049190-20.2018.8.16.0182,10,1,2026-01-06T06:12:10.302316,ok
1030250,0019691-54.2019.8.16.0182,10,1,2026-01-06T06:12:10.302316,ok
1030251,0000624-74.2019.8.16.0127,10,1,2026-01-06T06:12:10.302316,ok
1030252,0006520-37.2019.8.16.0018,10,1,2026-01-06T06:12:10.302316,ok
1030253,0003037-98.2017.8.16.0137,10,1,2026-01-06T06:12:10.302316,ok
1030254,0003755-16.2019.8.16.9000,10,1,2026-01-06T06:12:10.302316,ok
1030255,0004598-78.2019.8.16.9000,10,1,2026-01-06T06:12:10.302316,ok
1030256,0002519-29.2019.8.16.9000,10,1,2026-01-06T06:12:10.302316,ok
1030257,0004228-02.2019.8.16.9000,10,1,2026-01-06T06:12:10.302316,ok
1030258,0004556-29.2019.8.16.9000,10,1,2026-01-06T06:12:10.302316,ok
1030259,0009885-90.2017.8.16.0173,10,1,2026-01-06T06:12:10.302316,ok
1030260,0002396-15.2016.8.16.0083,10,1,2026-01-06T06:12:10.302316,ok
1030261,0001888-85.2018.8.16.0152,10,1,2026-01-06T06:12:10.302316,ok
1030262,0001901-02.2018.8.16.0050,10,1,2026-01-06T06:12:10.302316,ok
1030263,0001715-06.2018.8.16.0041,10,1,2026-01-06T06:12:10.302316,ok
1030264,0051919-46.2019.8.16.0000,5,1,2026-01-06T06:12:10.302316,ok
1030265,0051992-18.2019.8.16.0000,5,1,2026-01-06T06:12:10.302316,ok
1030266,0002259-96.2016.8.16.0159,5,1,2026-01-06T06:12:10.302316,ok
1030267,0053175-24.2019.8.16.0000,5,1,2026-01-06T06:12:10.302316,ok
1030268,0015175-78.2008.8.16.0019,5,1,2026-01-06T06:12:10.302316,ok
1030269,0053923-56.2019.8.16.0000,5,1,2026-01-06T06:12:10.302316,ok
1030270,0023661-18.2018.8.16.0014,5,1,2026-01-06T06:12:10.302316,ok
1030271,0015892-22.2019.8.16.0014,5,1,2026-01-06T06:12:10.302316,ok
1030272,0052407-98.2019.8.16.0000,5,1,2026-01-06T06:12:10.302316,ok
1030273,0000879-56.2019.8.16.0119,5,1,2026-01-06T06:12:10.302316,ok
1030274,0048092-27.2019.8.16.0000,5,1,2026-01-06T06:12:10.302316,ok
1030275,0050917-41.2019.8.16.0000,5,1,2026-01-06T06:12:10.302316,ok
1030276,0051178-06.2019.8.16.0000,5,1,2026-01-06T06:12:10.302316,ok
1030277,0053120-73.2019.8.16.0000,5,1,2026-01-06T06:12:10.302316,ok
1030278,0003839-15.2018.8.16.0088,5,1,2026-01-06T06:12:10.302316,ok
1030279,0011362-22.2016.8.16.0194,5,1,2026-01-06T06:12:10.302316,ok
1030280,0007210-70.2011.8.16.0075,5,1,2026-01-06T06:12:10.302316,ok
1030281,0052825-36.2019.8.16.0000,5,1,2026-01-06T06:12:10.302316,ok
1030282,0025484-90.2019.8.16.0014,5,1,2026-01-06T06:12:10.302316,ok
1030283,0053718-27.2019.8.16.0000,5,1,2026-01-06T06:12:10.302316,ok
1030284,0053768-53.2019.8.16.0000,5,1,2026-01-06T06:12:10.302316,ok
1030285,0003679-70.2019.8.16.0050,5,1,2026-01-06T06:12:10.302316,ok
1030286,0000699-87.2018.8.16.0147,5,1,2026-01-06T06:12:10.302316,ok
1030287,0053850-84.2019.8.16.0000,5,1,2026-01-06T06:12:10.302316,ok
1030288,0015997-41.2019.8.16.0000,5,1,2026-01-06T06:12:10.302316,ok
1030289,0001901-63.2018.8.16.0159,5,1,2026-01-06T06:12:10.302316,ok
1030290,0053992-88.2019.8.16.0000,5,1,2026-01-06T06:12:10.302316,ok
1030291,0054205-94.2019.8.16.0000,5,1,2026-01-06T06:12:10.302316,ok
1030292,0002307-43.2013.8.16.0100,5,1,2026-01-06T06:12:10.302316,ok
1030293,0059758-25.2019.8.16.0000,5,1,2026-01-06T06:12:10.302316,ok
1030294,0002340-34.2019.8.16.0064,5,1,2026-01-06T06:12:10.302316,ok
1030295,0008382-39.2016.8.16.0021,5,1,2026-01-06T06:12:10.302316,ok
1030296,0002173-18.1996.8.16.0001,5,1,2026-01-06T06:12:10.302316,ok
1030297,0009211-61.2018.8.16.0017,5,1,2026-01-06T06:12:10.302316,ok
1030298,0049398-31.2019.8.16.0000,5,1,2026-01-06T06:12:10.302316,ok
1030299,0049748-19.2019.8.16.0000,5,1,2026-01-06T06:12:10.302316,ok
1030300,0050108-51.2019.8.16.0000,5,1,2026-01-06T06:12:10.302316,ok
1030301,0050535-48.2019.8.16.0000,5,1,2026-01-06T06:12:10.302316,ok
1030302,0031334-14.2012.8.16.0001,5,1,2026-01-06T06:12:10.302316,ok
1030303,0051140-91.2019.8.16.0000,5,1,2026-01-06T06:12:10.302316,ok
1030304,0004126-59.2018.8.16.0158,5,1,2026-01-06T06:12:10.302316,ok
1030305,0047673-07.2019.8.16.0000,5,1,2026-01-06T06:12:10.302316,ok
1030306,0050854-16.2019.8.16.0000,5,1,2026-01-06T06:12:10.302316,ok
1030307,0018893-40.2008.8.16.0001,5,1,2026-01-06T06:12:10.302316,ok
1030308,0001855-04.2017.8.16.0129,5,1,2026-01-06T06:12:10.302316,ok
1030309,0054567-96.2019.8.16.0000,5,1,2026-01-06T06:12:10.302316,ok
1030310,0001681-06.2018.8.16.0017,5,1,2026-01-06T06:12:10.302316,ok
1030311,0000016-33.1995.8.16.0090,5,1,2026-01-06T06:12:10.302316,ok
1030312,0054709-03.2019.8.16.0000,5,1,2026-01-06T06:12:10.302316,ok
1030313,0000209-24.1998.8.16.0064,5,1,2026-01-06T06:12:10.302316,ok
1030314,0001069-51.2018.8.16.0055,9,1,2026-01-06T06:12:10.302316,ok
1030315,0001056-48.2018.8.16.0121,9,1,2026-01-06T06:12:10.302316,ok
1030316,0010953-80.2018.8.16.0160,9,1,2026-01-06T06:12:10.302316,ok
1030317,0001052-18.2019.8.16.0075,9,1,2026-01-06T06:12:10.302316,ok
1030318,0003761-54.2019.8.16.0098,9,1,2026-01-06T06:12:10.302316,ok
1030319,0005704-48.2019.8.16.0182,9,1,2026-01-06T06:12:10.302316,ok
1030320,0010152-28.2018.8.16.0173,9,1,2026-01-06T06:12:10.302316,ok
1030321,0002416-57.2018.8.16.0108,9,1,2026-01-06T06:12:10.302316,ok
1030322,0003744-39.2018.8.16.0070,9,1,2026-01-06T06:12:10.302316,ok
1030323,0003262-39.2019.8.16.9000,9,1,2026-01-06T06:12:10.302316,ok
1030324,0014047-11.2017.8.16.0018,9,1,2026-01-06T06:12:10.302316,ok
1030325,0006124-04.2019.8.16.0069,9,1,2026-01-06T06:12:10.302316,ok
1030326,0004126-56.2018.8.16.0159,9,1,2026-01-06T06:12:10.302316,ok
1030327,0002661-64.2019.8.16.0098,9,1,2026-01-06T06:12:10.302316,ok
1030328,0000545-48.2019.8.16.0175,9,1,2026-01-06T06:12:10.302316,ok
1030329,0004570-13.2019.8.16.9000,9,1,2026-01-06T06:12:10.302316,ok
1030330,0004625-61.2019.8.16.9000,9,1,2026-01-06T06:12:10.302316,ok
1030331,0001503-64.2018.8.16.0047,9,1,2026-01-06T06:12:10.302316,ok
1030332,0002990-09.2017.8.16.0046,9,1,2026-01-06T06:12:10.302316,ok
1030333,0006892-43.2018.8.16.0075,9,1,2026-01-06T06:12:10.302316,ok
1030334,0002462-26.2018.8.16.0050,9,1,2026-01-06T06:12:10.302316,ok
1030335,0003792-78.2019.8.16.0129,9,1,2026-01-06T06:12:10.302316,ok
1030336,0004632-53.2019.8.16.9000,9,1,2026-01-06T06:12:10.302316,ok
1030337,0003313-87.2015.8.16.0109,9,1,2026-01-06T06:12:10.302316,ok
1030338,0004081-70.2018.8.16.0153,9,1,2026-01-06T06:12:10.302316,ok
1030339,0001900-17.2018.8.16.0050,9,1,2026-01-06T06:12:10.302316,ok
1030340,0001856-11.2018.8.16.0175,9,1,2026-01-06T06:12:10.302316,ok
1030341,0000548-75.2018.8.16.0130,9,1,2026-01-06T06:12:10.302316,ok
1030342,0009489-82.2018.8.16.0075,9,1,2026-01-06T06:12:10.302316,ok
1030343,0003988-13.2019.8.16.9000,9,1,2026-01-06T06:12:10.302316,ok
1030344,0003991-65.2019.8.16.9000,9,1,2026-01-06T06:12:10.302316,ok
1030345,0004035-84.2019.8.16.9000,9,1,2026-01-06T06:12:10.302316,ok
1030346,0005306-12.2018.8.16.0029,9,1,2026-01-06T06:12:10.302316,ok
1030347,0004637-75.2019.8.16.9000,9,1,2026-01-06T06:12:10.302316,ok
1030348,0001964-43.2018.8.16.0077,9,1,2026-01-06T06:12:10.302316,ok
1030349,0019221-64.2018.8.16.0018,9,1,2026-01-06T06:12:10.302316,ok
1030350,0016446-35.2019.8.16.0182,9,1,2026-01-06T06:12:10.302316,ok
1030351,0022180-98.2018.8.16.0182,9,1,2026-01-06T06:12:10.302316,ok
1030352,0011594-64.2018.8.16.0129,9,1,2026-01-06T06:12:10.302316,ok
1030353,0003466-83.2019.8.16.9000,9,1,2026-01-06T06:12:10.302316,ok
1030354,0003829-70.2019.8.16.9000,9,1,2026-01-06T06:12:10.302316,ok
1030355,0003295-29.2019.8.16.9000,9,1,2026-01-06T06:12:10.302316,ok
1030356,0003633-03.2019.8.16.9000,9,1,2026-01-06T06:12:10.302316,ok
1030357,0004598-79.2018.8.16.0184,9,1,2026-01-06T06:12:10.302316,ok
1030358,0003973-24.2019.8.16.0018,9,1,2026-01-06T06:12:10.302316,ok
1030359,0003824-28.2019.8.16.0018,9,1,2026-01-06T06:12:10.302316,ok
1030360,0003518-79.2019.8.16.9000,9,1,2026-01-06T06:12:10.302316,ok
1030361,0023139-76.2018.8.16.0018,9,1,2026-01-06T06:12:10.302316,ok
1030362,0005413-12.2018.8.16.0173,9,1,2026-01-06T06:12:10.302316,ok
1030363,0009845-77.2018.8.16.0075,9,1,2026-01-06T06:12:10.302316,ok
1030364,0010220-78.2018.8.16.0075,11,1,2026-01-06T06:12:10.302316,ok
1030365,0003960-45.2019.8.16.9000,11,1,2026-01-06T06:12:10.302316,ok
1030366,0003987-28.2019.8.16.9000,11,1,2026-01-06T06:12:10.302316,ok
1030367,0003989-95.2019.8.16.9000,11,1,2026-01-06T06:12:10.302316,ok
1030368,0004032-32.2019.8.16.9000,11,1,2026-01-06T06:12:10.302316,ok
1030369,0004044-46.2019.8.16.9000,11,1,2026-01-06T06:12:10.302316,ok
1030370,0004090-35.2019.8.16.9000,11,1,2026-01-06T06:12:10.302316,ok
1030371,0006187-73.2018.8.16.0098,11,1,2026-01-06T06:12:10.302316,ok
1030372,0004030-62.2019.8.16.9000,11,1,2026-01-06T06:12:10.302316,ok
1030373,0004043-61.2019.8.16.9000,11,1,2026-01-06T06:12:10.302316,ok
1030374,0004089-50.2019.8.16.9000,11,1,2026-01-06T06:12:10.302316,ok
1030375,0001460-28.2018.8.16.0080,11,1,2026-01-06T06:12:10.302316,ok
1030376,0003664-23.2019.8.16.9000,11,1,2026-01-06T06:12:10.302316,ok
1030377,0008206-55.2019.8.16.0021,11,1,2026-01-06T06:12:10.302316,ok
1030378,0003305-30.2016.8.16.0189,11,1,2026-01-06T06:12:10.302316,ok
1030379,0009843-10.2018.8.16.0075,11,1,2026-01-06T06:12:10.302316,ok
1030380,0003793-28.2019.8.16.9000,11,1,2026-01-06T06:12:10.302316,ok
1030381,0000909-75.2017.8.16.0050,11,1,2026-01-06T06:12:10.302316,ok
1030382,0078653-26.2018.8.16.0014,11,1,2026-01-06T06:12:10.302316,ok
1030383,0002843-11.2019.8.16.0014,11,1,2026-01-06T06:12:10.302316,ok
1030384,0001561-74.2019.8.16.0195,11,1,2026-01-06T06:12:10.302316,ok
1030385,0003286-67.2019.8.16.9000,11,1,2026-01-06T06:12:10.302316,ok
1030386,0010976-26.2018.8.16.0160,11,1,2026-01-06T06:12:10.302316,ok
1030387,0001792-87.2019.8.16.0038,11,1,2026-01-06T06:12:10.302316,ok
1030388,0005939-63.2019.8.16.0069,11,1,2026-01-06T06:12:10.302316,ok
1030389,0008880-02.2018.8.16.0075,11,1,2026-01-06T06:12:10.302316,ok
1030390,0002750-24.2018.8.16.0195,11,1,2026-01-06T06:12:10.302316,ok
1030391,0050940-57.2018.8.16.0182,11,1,2026-01-06T06:12:10.302316,ok
1030392,0004626-46.2019.8.16.9000,11,1,2026-01-06T06:12:10.302316,ok
1030393,0000678-48.2017.8.16.0050,11,1,2026-01-06T06:12:10.302316,ok
1030394,0000478-88.2018.8.16.0120,11,1,2026-01-06T06:12:10.302316,ok
1030395,0008287-88.2018.8.16.0069,11,1,2026-01-06T06:12:10.302316,ok
1030396,0004602-18.2019.8.16.9000,11,1,2026-01-06T06:12:10.302316,ok
1030397,0003550-81.2018.8.16.0153,11,1,2026-01-06T06:12:10.302316,ok
1030398,0003976-96.2019.8.16.9000,11,1,2026-01-06T06:12:10.302316,ok
1030399,0004078-21.2019.8.16.9000,11,1,2026-01-06T06:12:10.302316,ok
1030400,0001667-25.2019.8.16.0134,11,1,2026-01-06T06:12:10.302316,ok
1030401,0003795-95.2019.8.16.9000,11,1,2026-01-06T06:12:10.302316,ok
1030402,0009291-14.2017.8.16.0129,11,1,2026-01-06T06:12:10.302316,ok
1030403,0041779-23.2018.8.16.0182,11,1,2026-01-06T06:12:10.302316,ok
1030404,0004396-80.2018.8.16.0159,11,1,2026-01-06T06:12:10.302316,ok
1030405,0021071-56.2018.8.16.0018,11,1,2026-01-06T06:12:10.302316,ok
1030406,0001789-96.2018.8.16.0029,11,1,2026-01-06T06:12:10.302316,ok
1030407,0000553-20.2019.8.16.0112,11,1,2026-01-06T06:12:10.302316,ok
1030408,0000391-59.2019.8.16.0036,11,1,2026-01-06T06:12:10.302316,ok
1030409,0070696-76.2015.8.16.0014,11,1,2026-01-06T06:12:10.302316,ok
1030410,0029190-18.2018.8.16.0014,11,1,2026-01-06T06:12:10.302316,ok
1030411,0001096-56.2018.8.16.0080,11,1,2026-01-06T06:12:10.302316,ok
1030412,0001300-03.2018.8.16.0080,11,1,2026-01-06T06:12:10.302316,ok
1030413,0001072-28.2018.8.16.0080,11,1,2026-01-06T06:12:10.302316,ok
1030414,0048010-51.2019.8.16.0014,6,1,2026-01-06T06:12:10.302316,ok
1030415,0008287-33.2017.8.16.0131,6,1,2026-01-06T06:12:10.302316,ok
1030416,0042591-92.2019.8.16.0000,6,1,2026-01-06T06:12:10.302316,ok
1030417,0050512-05.2019.8.16.0000,6,1,2026-01-06T06:12:10.302316,ok
1030418,0050943-39.2019.8.16.0000,6,1,2026-01-06T06:12:10.302316,ok
1030419,0051356-52.2019.8.16.0000,6,1,2026-01-06T06:12:10.302316,ok
1030420,0051905-62.2019.8.16.0000,6,1,2026-01-06T06:12:10.302316,ok
1030421,0052702-38.2019.8.16.0000,6,1,2026-01-06T06:12:10.302316,ok
1030422,0052991-68.2019.8.16.0000,6,1,2026-01-06T06:12:10.302316,ok
1030423,0001557-87.2018.8.16.0125,6,1,2026-01-06T06:12:10.302316,ok
1030424,0054200-72.2019.8.16.0000,6,1,2026-01-06T06:12:10.302316,ok
1030425,0054274-29.2019.8.16.0000,6,1,2026-01-06T06:12:10.302316,ok
1030426,0054499-49.2019.8.16.0000,6,1,2026-01-06T06:12:10.302316,ok
1030427,0013024-96.2018.8.16.0017,6,1,2026-01-06T06:12:10.302316,ok
1030428,0011865-97.2018.8.16.0024,6,1,2026-01-06T06:12:10.302316,ok
1030429,0051583-39.2015.8.16.0014,6,1,2026-01-06T06:12:10.302316,ok
1030430,0051621-54.2019.8.16.0000,6,1,2026-01-06T06:12:10.302316,ok
1030431,0000029-44.1996.8.16.0107,6,1,2026-01-06T06:12:10.302316,ok
1030432,0000060-60.2011.8.16.0100,6,1,2026-01-06T06:12:10.302316,ok
1030433,0001688-30.2018.8.16.0168,6,1,2026-01-06T06:12:10.302316,ok
1030434,0024271-77.2009.8.16.0021,6,1,2026-01-06T06:12:10.302316,ok
1030435,0006639-62.2018.8.16.0105,6,1,2026-01-06T06:12:10.302316,ok
1030436,0077727-45.2018.8.16.0014,6,1,2026-01-06T06:12:10.302316,ok
1030437,0026342-34.2013.8.16.0014,6,1,2026-01-06T06:12:10.302316,ok
1030438,0003800-84.2015.8.16.0100,6,1,2026-01-06T06:12:10.302316,ok
1030439,0042793-69.2019.8.16.0000,6,1,2026-01-06T06:12:10.302316,ok
1030440,0004204-47.2017.8.16.0139,6,1,2026-01-06T06:12:10.302316,ok
1030441,0051530-61.2019.8.16.0000,6,1,2026-01-06T06:12:10.302316,ok
1030442,0051586-94.2019.8.16.0000,6,1,2026-01-06T06:12:10.302316,ok
1030443,0051892-63.2019.8.16.0000,6,1,2026-01-06T06:12:10.302316,ok
1030444,0051979-19.2019.8.16.0000,6,1,2026-01-06T06:12:10.302316,ok
1030445,0052908-52.2019.8.16.0000,6,1,2026-01-06T06:12:10.302316,ok
1030446,0052926-73.2019.8.16.0000,6,1,2026-01-06T06:12:10.302316,ok
1030447,0075351-86.2018.8.16.0014,6,1,2026-01-06T06:12:10.302316,ok
1030448,0053863-83.2019.8.16.0000,6,1,2026-01-06T06:12:10.302316,ok
1030449,0027574-90.2018.8.16.0019,6,1,2026-01-06T06:12:10.302316,ok
1030450,0010878-70.2016.8.16.0173,6,1,2026-01-06T06:12:10.302316,ok
1030451,0013276-87.2017.8.16.0194,6,1,2026-01-06T06:12:10.302316,ok
1030452,0021974-87.2015.8.16.0021,6,1,2026-01-06T06:12:10.302316,ok
1030453,0022087-33.2017.8.16.0001,6,1,2026-01-06T06:12:10.302316,ok
1030454,0022717-07.2018.8.16.0017,6,1,2026-01-06T06:12:10.302316,ok
1030455,0000751-26.2017.8.16.0048,6,1,2026-01-06T06:12:10.302316,ok
1030456,0022295-75.2017.8.16.0014,6,1,2026-01-06T06:12:10.302316,ok
1030457,0006258-70.2008.8.16.0116,6,1,2026-01-06T06:12:10.302316,ok
1030458,0028756-29.2018.8.16.0014,6,1,2026-01-06T06:12:10.302316,ok
1030459,0054071-67.2019.8.16.0000,6,1,2026-01-06T06:12:10.302316,ok
1030460,0054783-57.2019.8.16.0000,6,1,2026-01-06T06:12:10.302316,ok
1030461,0002758-17.2003.8.16.0004,6,1,2026-01-06T06:12:10.302316,ok
1030462,0001223-37.2018.8.16.0001,6,1,2026-01-06T06:12:10.302316,ok
1030463,0052959-63.2019.8.16.0000,6,1,2026-01-06T06:12:10.302316,ok
1030464,0021754-47.2018.8.16.0001,4,1,2026-01-06T06:12:10.302316,ok
1030465,0003015-56.2000.8.16.0001,4,1,2026-01-06T06:12:10.302316,ok
1030466,0011229-34.2018.8.16.0024,4,1,2026-01-06T06:12:10.302316,ok
1030467,0052466-44.2019.8.16.0014,4,1,2026-01-06T06:12:10.302316,ok
1030468,0071682-25.2018.8.16.0014,4,1,2026-01-06T06:12:10.302316,ok
1030469,0054583-50.2019.8.16.0000,4,1,2026-01-06T06:12:10.302316,ok
1030470,0005299-18.2019.8.16.0083,4,1,2026-01-06T06:12:10.302316,ok
1030471,0018464-31.2018.8.16.0031,4,1,2026-01-06T06:12:10.302316,ok
1030472,0006010-62.2010.8.16.0075,4,1,2026-01-06T06:12:10.302316,ok
1030473,0008042-18.2018.8.16.0024,4,1,2026-01-06T06:12:10.302316,ok
1030474,0000097-78.2016.8.16.0014,4,1,2026-01-06T06:12:10.302316,ok
1030475,0000939-62.2019.8.16.0108,4,1,2026-01-06T06:12:10.302316,ok
1030476,0053125-95.2019.8.16.0000,4,1,2026-01-06T06:12:10.302316,ok
1030477,0053532-04.2019.8.16.0000,4,1,2026-01-06T06:12:10.302316,ok
1030478,0053616-05.2019.8.16.0000,4,1,2026-01-06T06:12:10.302316,ok
1030479,0053939-10.2019.8.16.0000,4,1,2026-01-06T06:12:10.302316,ok
1030480,0054024-93.2019.8.16.0000,4,1,2026-01-06T06:12:10.302316,ok
1030481,0079138-94.2016.8.16.0014,4,1,2026-01-06T06:12:10.302316,ok
1030482,0055191-48.2019.8.16.0000,4,1,2026-01-06T06:12:10.302316,ok
1030483,0046470-10.2019.8.16.0000,4,1,2026-01-06T06:12:10.302316,ok
1030484,0003534-97.2013.8.16.0058,4,1,2026-01-06T06:12:10.302316,ok
1030485,0053222-95.2019.8.16.0000,4,1,2026-01-06T06:12:10.302316,ok
1030486,0053459-32.2019.8.16.0000,4,1,2026-01-06T06:12:10.302316,ok
1030487,0019591-46.2018.8.16.0017,4,1,2026-01-06T06:12:10.302316,ok
1030488,0001032-96.2019.8.16.0149,4,1,2026-01-06T06:12:10.302316,ok
1030489,0046318-59.2019.8.16.0000,4,1,2026-01-06T06:12:10.302316,ok
1030490,0054132-25.2019.8.16.0000,4,1,2026-01-06T06:12:10.302316,ok
1030491,0028323-88.2019.8.16.0014,4,1,2026-01-06T06:12:10.302316,ok
1030492,0005102-53.2018.8.16.0130,4,1,2026-01-06T06:12:10.302316,ok
1030493,0056369-32.2019.8.16.0000,4,1,2026-01-06T06:12:10.302316,ok
1030494,0015510-10.2015.8.16.0001,4,1,2026-01-06T06:12:10.302316,ok
1030495,0006151-02.2016.8.16.0001,4,1,2026-01-06T06:12:10.302316,ok
1030496,0011581-96.2007.8.16.0017,4,1,2026-01-06T06:12:10.302316,ok
1030497,0052347-28.2019.8.16.0000,4,1,2026-01-06T06:12:10.302316,ok
1030498,0000437-49.2017.8.16.0026,4,1,2026-01-06T06:12:10.302316,ok
1030499,0014273-70.2016.8.16.0173,4,1,2026-01-06T06:12:10.302316,ok
1030500,0005272-56.2019.8.16.0173,4,1,2026-01-06T06:12:10.302316,ok
1030501,0015442-26.2016.8.16.0001,4,1,2026-01-06T06:12:10.302316,ok
1030502,0003690-34.2005.8.16.0004,4,1,2026-01-06T06:12:10.302316,ok
1030503,0004155-28.2018.8.16.0088,4,1,2026-01-06T06:12:10.302316,ok
1030504,0000161-70.1995.8.16.0064,4,1,2026-01-06T06:12:10.302316,ok
1030505,0003497-60.2011.8.16.0084,4,1,2026-01-06T06:12:10.302316,ok
1030506,0026748-55.2017.8.16.0001,4,1,2026-01-06T06:12:10.302316,ok
1030507,0000003-12.2015.8.16.0194,4,1,2026-01-06T06:12:10.302316,ok
1030508,0001370-26.2018.8.16.0078,4,1,2026-01-06T06:12:10.302316,ok
1030509,0049051-87.2018.8.16.0014,4,1,2026-01-06T06:12:10.302316,ok
1030510,0002503-02.2018.8.16.0047,4,1,2026-01-06T06:12:10.302316,ok
1030511,0000847-38.2018.8.16.0070,4,1,2026-01-06T06:12:10.302316,ok
1030512,0048602-40.2019.8.16.0000,4,1,2026-01-06T06:12:10.302316,ok
1030513,0051613-77.2019.8.16.0000,4,1,2026-01-06T06:12:10.302316,ok
1030514,0001324-31.2018.8.16.0080,12,1,2026-01-06T06:12:10.302316,ok
1030515,0001473-27.2018.8.16.0080,12,1,2026-01-06T06:12:10.302316,ok
1030516,0001463-80.2018.8.16.0080,12,1,2026-01-06T06:12:10.302316,ok
1030517,0001421-31.2018.8.16.0080,12,1,2026-01-06T06:12:10.302316,ok
1030518,0001438-67.2018.8.16.0080,12,1,2026-01-06T06:12:10.302316,ok
1030519,0001932-29.2018.8.16.0080,12,1,2026-01-06T06:12:10.302316,ok
1030520,0001341-67.2018.8.16.0080,12,1,2026-01-06T06:12:10.302316,ok
1030521,0001308-77.2018.8.16.0080,12,1,2026-01-06T06:12:10.302316,ok
1030522,0035287-15.2018.8.16.0182,12,1,2026-01-06T06:12:10.302316,ok
1030523,0015302-16.2018.8.16.0035,12,1,2026-01-06T06:12:10.302316,ok
1030524,0002601-73.2018.8.16.0083,12,1,2026-01-06T06:12:10.302316,ok
1030525,0014280-71.2018.8.16.0018,12,1,2026-01-06T06:12:10.302316,ok
1030526,0020518-09.2018.8.16.0018,12,1,2026-01-06T06:12:10.302316,ok
1030527,0018737-49.2018.8.16.0018,12,1,2026-01-06T06:12:10.302316,ok
1030528,0000600-90.2019.8.16.0080,12,1,2026-01-06T06:12:10.302316,ok
1030529,0004942-80.2019.8.16.0069,12,1,2026-01-06T06:12:10.302316,ok
1030530,0001450-68.2018.8.16.0052,12,1,2026-01-06T06:12:10.302316,ok
1030531,0001750-21.2018.8.16.0152,12,1,2026-01-06T06:12:10.302316,ok
1030532,0002554-10.2019.8.16.0069,12,1,2026-01-06T06:12:10.302316,ok
1030533,0000577-80.2019.8.16.0069,12,1,2026-01-06T06:12:10.302316,ok
1030534,0019105-58.2018.8.16.0018,12,1,2026-01-06T06:12:10.302316,ok
1030535,0003889-64.2019.8.16.0069,12,1,2026-01-06T06:12:10.302316,ok
1030536,0002503-96.2019.8.16.0069,12,1,2026-01-06T06:12:10.302316,ok
1030537,0018006-12.2019.8.16.0182,12,1,2026-01-06T06:12:10.302316,ok
1030538,0002215-11.2017.8.16.0105,12,1,2026-01-06T06:12:10.302316,ok
1030539,0003481-52.2019.8.16.9000,12,1,2026-01-06T06:12:10.302316,ok
1030540,0003593-21.2019.8.16.9000,12,1,2026-01-06T06:12:10.302316,ok
1030541,0009868-23.2018.8.16.0075,12,1,2026-01-06T06:12:10.302316,ok
1030542,0048173-73.2019.8.16.0000,12,1,2026-01-06T06:12:10.302316,ok
1030543,0005568-76.1996.8.16.0014,12,1,2026-01-06T06:12:10.302316,ok
1030544,0064925-23.2019.8.16.0000,12,1,2026-01-06T06:12:10.302316,ok
1030545,0065038-74.2019.8.16.0000,12,1,2026-01-06T06:12:10.302316,ok
1030546,0065404-16.2019.8.16.0000,12,1,2026-01-06T06:12:10.302316,ok
1030547,0000255-48.2004.8.16.0049,12,1,2026-01-06T06:12:10.302316,ok
1030548,0063902-42.2019.8.16.0000,12,1,2026-01-06T06:12:10.302316,ok
1030549,0002116-67.2014.8.16.0001,12,1,2026-01-06T06:12:10.302316,ok
1030550,0060269-23.2019.8.16.0000,12,1,2026-01-06T06:12:10.302316,ok
1030551,0009432-64.2006.8.16.0017,12,1,2026-01-06T06:12:10.302316,ok
1030552,0028568-78.2018.8.16.0000,12,1,2026-01-06T06:12:10.302316,ok
1030553,0022287-50.2011.8.16.0001,12,1,2026-01-06T06:12:10.302316,ok
1030554,0025084-21.2019.8.16.0000,12,1,2026-01-06T06:12:10.302316,ok
1030555,0026681-71.2009.8.16.0001,12,1,2026-01-06T06:12:10.302316,ok
1030556,0051022-18.2019.8.16.0000,12,1,2026-01-06T06:12:10.302316,ok
1030557,0034902-96.2016.8.16.0001,12,1,2026-01-06T06:12:10.302316,ok
1030558,0010535-74.2017.8.16.0194,16,1,2026-01-06T06:12:10.302316,ok
1030559,0011341-46.2016.8.16.0194,16,1,2026-01-06T06:12:10.302316,ok
1030560,0042242-81.2018.8.16.0014,17,1,2026-01-06T06:12:10.302316,ok
1030561,0025299-82.2015.8.16.0017,17,1,2026-01-06T06:12:10.302316,ok
1030562,0044366-18.2014.8.16.0001,17,1,2026-01-06T06:12:10.302316,ok
1030563,0000521-57.2019.8.16.0001,17,1,2026-01-06T06:12:10.302316,ok
1030564,0010735-81.2017.8.16.0194,17,1,2026-01-06T06:12:10.302316,ok
1030565,0083952-81.2018.8.16.0014,17,1,2026-01-06T06:12:10.302316,ok
1030566,0009386-34.2015.8.16.0058,17,1,2026-01-06T06:12:10.302316,ok
1030567,0000751-65.2014.8.16.0166,18,1,2026-01-06T06:12:10.302316,ok
1030568,0034911-66.2014.8.16.0021,18,1,2026-01-06T06:12:10.302316,ok
1030569,0061376-05.2019.8.16.0000,18,1,2026-01-06T06:12:10.302316,ok
1030570,0043183-39.2019.8.16.0000,21,1,2026-01-06T06:12:10.302316,ok
1030571,0029490-85.2019.8.16.0000,21,1,2026-01-06T06:12:10.302316,ok
1030572,0043747-18.2019.8.16.0000,21,1,2026-01-06T06:12:10.302316,ok
1030573,0063552-54.2019.8.16.0000,21,1,2026-01-06T06:12:10.302316,ok
1030574,0064330-24.2019.8.16.0000,21,1,2026-01-06T06:12:10.302316,ok
1030575,0006812-92.2010.8.16.0129,21,1,2026-01-06T06:12:10.302316,ok
1030576,0064168-29.2019.8.16.0000,21,1,2026-01-06T06:12:10.302316,ok
1030577,0029225-83.2019.8.16.0000,21,1,2026-01-06T06:12:10.302316,ok
1030578,0064627-31.2019.8.16.0000,21,1,2026-01-06T06:12:10.302316,ok
1030579,0064638-60.2019.8.16.0000,21,1,2026-01-06T06:12:10.302316,ok
1030580,0010542-95.2019.8.16.0000,21,1,2026-01-06T06:12:10.302316,ok
1030581,0000016-07.1998.8.16.0194,21,1,2026-01-06T06:12:10.302316,ok
1030582,0064635-08.2019.8.16.0000,21,1,2026-01-06T06:12:10.302316,ok
1030583,0013815-66.2015.8.16.0083,21,1,2026-01-06T06:12:10.302316,ok
1030584,0003538-22.2007.8.16.0034,21,1,2026-01-06T06:12:10.302316,ok
1030585,0018571-37.2019.8.16.0000,21,1,2026-01-06T06:12:10.302316,ok
1030586,0063804-57.2019.8.16.0000,21,1,2026-01-06T06:12:10.302316,ok
1030587,0064370-06.2019.8.16.0000,21,1,2026-01-06T06:12:10.302316,ok
1030588,0018181-10.2015.8.16.0129,21,1,2026-01-06T06:12:10.302316,ok
1030589,0003241-19.2011.8.16.0052,21,1,2026-01-06T06:12:10.302316,ok
1030590,0064828-23.2019.8.16.0000,21,1,2026-01-06T06:12:10.302316,ok
1030591,0012361-17.2007.8.16.0185,21,1,2026-01-06T06:12:10.302316,ok
1030592,0000662-30.1987.8.16.0185,21,1,2026-01-06T06:12:10.302316,ok
1030593,0064775-42.2019.8.16.0000,21,1,2026-01-06T06:12:10.302316,ok
1030594,0041287-58.2019.8.16.0000,21,1,2026-01-06T06:12:10.302316,ok
1030595,0039155-28.2019.8.16.0000,21,1,2026-01-06T06:12:10.302316,ok
1030596,0038049-31.2019.8.16.0000,21,1,2026-01-06T06:12:10.302316,ok
1030597,0060033-71.2019.8.16.0000,21,1,2026-01-06T06:12:10.302316,ok
1030598,0062808-59.2019.8.16.0000,21,1,2026-01-06T06:12:10.302316,ok
1030599,0064374-43.2019.8.16.0000,21,1,2026-01-06T06:12:10.302316,ok
1030600,0063243-33.2019.8.16.0000,21,1,2026-01-06T06:12:10.302316,ok
1030601,0057503-94.2019.8.16.0000,21,1,2026-01-06T06:12:10.302316,ok
1030602,0046235-43.2019.8.16.0000,21,1,2026-01-06T06:12:10.302316,ok
1030603,0003534-40.2015.8.16.0119,21,1,2026-01-06T06:12:10.302316,ok
1030604,0002513-47.2012.8.16.0147,21,1,2026-01-06T06:12:10.302316,ok
1030605,0051344-38.2019.8.16.0000,21,1,2026-01-06T06:12:10.302316,ok
1030606,0064503-48.2019.8.16.0000,21,1,2026-01-06T06:12:10.302316,ok
1030607,0064271-36.2019.8.16.0000,21,1,2026-01-06T06:12:10.302316,ok
1030608,0057347-09.2019.8.16.0000,21,1,2026-01-06T06:12:10.302316,ok
1030609,0044182-89.2019.8.16.0000,21,1,2026-01-06T06:12:10.302316,ok
1030610,0064602-18.2019.8.16.0000,21,1,2026-01-06T06:12:10.302316,ok
1030611,0043917-87.2019.8.16.0000,21,1,2026-01-06T06:12:10.302316,ok
1030612,0063783-81.2019.8.16.0000,21,1,2026-01-06T06:12:10.302316,ok
1030613,0010550-33.2019.8.16.0013,21,1,2026-01-06T06:12:10.302316,ok
1030614,0059933-19.2019.8.16.0000,21,1,2026-01-06T06:12:10.302316,ok
1030615,0055142-07.2019.8.16.0000,21,1,2026-01-06T06:12:10.302316,ok
1030616,0065100-17.2019.8.16.0000,21,1,2026-01-06T06:12:10.302316,ok
1030617,0001441-43.2014.8.16.0086,21,1,2026-01-06T06:12:10.302316,ok
1030618,0062625-88.2019.8.16.0000,21,1,2026-01-06T06:12:10.302316,ok
1030619,0000600-09.2017.8.16.0065,21,1,2026-01-06T06:12:10.302316,ok
1030620,1336617-5,19,1,2026-01-06T06:12:10.302316,ok
1030621,814483-4,19,1,2026-01-06T06:12:10.302316,ok
1030622,0042899-31.2019.8.16.0000,19,1,2026-01-06T06:12:10.302316,ok
1030623,0000844-02.2019.8.16.0021,19,1,2026-01-06T06:12:10.302316,ok
1030624,0060084-82.2019.8.16.0000,19,1,2026-01-06T06:12:10.302316,ok
1030625,0061485-19.2019.8.16.0000,19,1,2026-01-06T06:12:10.302316,ok
1030626,0062304-53.2019.8.16.0000,19,1,2026-01-06T06:12:10.302316,ok
1030627,0063577-67.2019.8.16.0000,19,1,2026-01-06T06:12:10.302316,ok
1030628,0057638-09.2019.8.16.0000,19,1,2026-01-06T06:12:10.302316,ok
1030629,0055598-54.2019.8.16.0000,19,1,2026-01-06T06:12:10.302316,ok
1030630,0062181-55.2019.8.16.0000,19,1,2026-01-06T06:12:10.302316,ok
1030631,0062966-17.2019.8.16.0000,19,1,2026-01-06T06:12:10.302316,ok
1030632,0058149-07.2019.8.16.0000,19,1,2026-01-06T06:12:10.302316,ok
1030633,0058875-78.2019.8.16.0000,19,1,2026-01-06T06:12:10.302316,ok
1030634,0063366-31.2019.8.16.0000,19,1,2026-01-06T06:12:10.302316,ok
1030635,0056949-62.2019.8.16.0000,19,1,2026-01-06T06:12:10.302316,ok
1030636,0061206-33.2019.8.16.0000,19,1,2026-01-06T06:12:10.302316,ok
1030637,0061397-78.2019.8.16.0000,19,1,2026-01-06T06:12:10.302316,ok
1030638,0062955-85.2019.8.16.0000,19,1,2026-01-06T06:12:10.302316,ok
1030639,0055648-80.2019.8.16.0000,19,1,2026-01-06T06:12:10.302316,ok
1030640,0063938-84.2019.8.16.0000,19,1,2026-01-06T06:12:10.302316,ok
1030641,0059912-43.2019.8.16.0000,19,1,2026-01-06T06:12:10.302316,ok
1030642,0062668-25.2019.8.16.0000,19,1,2026-01-06T06:12:10.302316,ok
1030643,0055714-60.2019.8.16.0000,19,1,2026-01-06T06:12:10.302316,ok
1030644,0058403-77.2019.8.16.0000,19,1,2026-01-06T06:12:10.302316,ok
1030645,0062072-41.2019.8.16.0000,19,1,2026-01-06T06:12:10.302316,ok
1030646,0062859-70.2019.8.16.0000,19,1,2026-01-06T06:12:10.302316,ok
1030647,0003593-58.2018.8.16.0075,23,1,2026-01-06T06:12:10.302316,ok
1030648,0019432-03.2018.8.16.0018,23,1,2026-01-06T06:12:10.302316,ok
1030649,0006289-95.2018.8.16.0098,23,1,2026-01-06T06:12:10.302316,ok
1030650,0001494-32.2017.8.16.0114,23,1,2026-01-06T06:12:10.302316,ok
1030651,0000106-24.2017.8.16.0105,23,1,2026-01-06T06:12:10.302316,ok
1030652,0051369-51.2019.8.16.0000,23,1,2026-01-06T06:12:10.302316,ok
1030653,0063359-39.2019.8.16.0000,23,1,2026-01-06T06:12:10.302316,ok
1030654,0063166-24.2019.8.16.0000,23,1,2026-01-06T06:12:10.302316,ok
1030655,0063089-15.2019.8.16.0000,23,1,2026-01-06T06:12:10.302316,ok
1030656,0057199-95.2019.8.16.0000,24,1,2026-01-06T06:12:10.302316,ok
1030657,0063967-37.2019.8.16.0000,24,1,2026-01-06T06:12:10.302316,ok
1030658,0064578-87.2019.8.16.0000,24,1,2026-01-06T06:12:10.302316,ok
1030659,0064737-30.2019.8.16.0000,24,1,2026-01-06T06:12:10.302316,ok
1030660,0003977-52.2018.8.16.0097,24,1,2026-01-06T06:12:10.302316,ok
1030661,0012073-56.2018.8.16.0000,22,1,2026-01-06T06:12:10.302316,ok
1030662,0064891-48.2019.8.16.0000,22,1,2026-01-06T06:12:10.302316,ok
1030663,0064694-93.2019.8.16.0000,22,1,2026-01-06T06:12:10.302316,ok
1030664,0062041-21.2019.8.16.0000,22,1,2026-01-06T06:12:10.302316,ok
1030665,0064504-33.2019.8.16.0000,22,1,2026-01-06T06:12:10.302316,ok
1030666,0056930-56.2019.8.16.0000,22,1,2026-01-06T06:12:10.302316,ok
1030667,0046963-84.2019.8.16.0000,22,1,2026-01-06T06:12:10.302316,ok
1030668,0064366-66.2019.8.16.0000,22,1,2026-01-06T06:12:10.302316,ok
1030669,0064653-29.2019.8.16.0000,22,1,2026-01-06T06:12:10.302316,ok
1030670,0065067-27.2019.8.16.0000,22,1,2026-01-06T06:12:10.302316,ok
1030671,0043474-73.2018.8.16.0000,22,1,2026-01-06T06:12:10.302316,ok
1030672,0060498-80.2019.8.16.0000,22,1,2026-01-06T06:12:10.302316,ok
1030673,0003017-68.2017.8.16.0053,22,1,2026-01-06T06:12:10.302316,ok
1030674,0006649-02.2018.8.16.0075,22,1,2026-01-06T06:12:10.302316,ok
1030675,0001112-23.2018.8.16.0108,22,1,2026-01-06T06:12:10.302316,ok
1030676,0008343-79.2018.8.16.0083,22,1,2026-01-06T06:12:10.302316,ok
1030677,0003667-77.2018.8.16.0119,22,1,2026-01-06T06:12:10.302316,ok
1030678,0013608-96.2017.8.16.0083,22,1,2026-01-06T06:12:10.302316,ok
1030679,0008807-30.2018.8.16.0075,22,1,2026-01-06T06:12:10.302316,ok
1030680,0007579-20.2018.8.16.0075,22,1,2026-01-06T06:12:10.302316,ok
1030681,0003949-34.2018.8.16.0049,22,1,2026-01-06T06:12:10.302316,ok
1030682,0013872-39.2019.8.16.0182,22,1,2026-01-06T06:12:10.302316,ok
1030683,0009203-86.2015.8.16.0018,22,1,2026-01-06T06:12:10.302316,ok
1030684,0051397-11.2018.8.16.0014,22,1,2026-01-06T06:12:10.302316,ok
1030685,0006451-62.2018.8.16.0075,22,1,2026-01-06T06:12:10.302316,ok
1030686,0001937-52.2018.8.16.0112,22,1,2026-01-06T06:12:10.302316,ok
1030687,0001166-97.2008.8.16.0153,22,1,2026-01-06T06:12:10.302316,ok
1030688,0001600-21.2018.8.16.0126,22,1,2026-01-06T06:12:10.302316,ok
1030689,0003906-79.2019.8.16.9000,22,1,2026-01-06T06:12:10.302316,ok
1030690,0006750-39.2018.8.16.0075,22,1,2026-01-06T06:12:10.302316,ok
1030691,0006913-19.2018.8.16.0075,22,1,2026-01-06T06:12:10.302316,ok
1030692,0005908-87.2018.8.16.0098,22,1,2026-01-06T06:12:10.302316,ok
1030693,0007963-80.2018.8.16.0075,22,1,2026-01-06T06:12:10.302316,ok
1030694,0007085-52.2018.8.16.0077,22,1,2026-01-06T06:12:10.302316,ok
1030695,0033386-10.2018.8.16.0021,22,1,2026-01-06T06:12:10.302316,ok
1030696,0000560-97.2017.8.16.0074,22,1,2026-01-06T06:12:10.302316,ok
1030697,0002785-08.2017.8.16.0069,22,1,2026-01-06T06:12:10.302316,ok
1030698,0020303-33.2018.8.16.0018,22,1,2026-01-06T06:12:10.302316,ok
1030699,0006647-32.2018.8.16.0075,22,1,2026-01-06T06:12:10.302316,ok
1030700,0004425-54.2019.8.16.9000,22,1,2026-01-06T06:12:10.302316,ok
1030701,0010143-10.2018.8.16.0030,22,1,2026-01-06T06:12:10.302316,ok
1030702,0025237-59.2017.8.16.0021,22,1,2026-01-06T06:12:10.302316,ok
1030703,0004517-32.2019.8.16.9000,22,1,2026-01-06T06:12:10.302316,ok
1030704,0004431-76.2018.8.16.0050,22,1,2026-01-06T06:12:10.302316,ok
1030705,0009661-96.2018.8.16.0148,22,1,2026-01-06T06:12:10.302316,ok
1030706,0007688-34.2018.8.16.0075,22,1,2026-01-06T06:12:10.302316,ok
1030707,0008089-37.2019.8.16.0030,22,1,2026-01-06T06:12:10.302316,ok
1030708,0009271-48.2018.8.16.0174,22,1,2026-01-06T06:12:10.302316,ok
1030709,0004086-13.2018.8.16.0050,22,1,2026-01-06T06:12:10.302316,ok
1030710,0006769-45.2018.8.16.0075,22,1,2026-01-06T06:12:10.302316,ok
1030711,0023964-81.2012.8.16.0001,26,1,2026-01-06T06:12:10.302316,ok
1030712,0027133-69.2018.8.16.0000,26,1,2026-01-06T06:12:10.302316,ok
1030713,856046-1,26,1,2026-01-06T06:12:10.302316,ok
1030714,790036-1,26,1,2026-01-06T06:12:10.302316,ok
1030715,0015856-87.2017.8.16.0001,26,1,2026-01-06T06:12:10.302316,ok
1030716,0029202-86.2009.8.16.0001,26,1,2026-01-06T06:12:10.302316,ok
1030717,0016604-90.2019.8.16.0182,20,1,2026-01-06T06:12:10.302316,ok
1030718,0002763-55.2019.8.16.9000,20,1,2026-01-06T06:12:10.302316,ok
1030719,0000187-93.1995.8.16.0185,20,1,2026-01-06T06:12:10.302316,ok
1030720,0063171-46.2019.8.16.0000,20,1,2026-01-06T06:12:10.302316,ok
1030721,0040765-31.2019.8.16.0000,20,1,2026-01-06T06:12:10.302316,ok
1030722,0063163-69.2019.8.16.0000,20,1,2026-01-06T06:12:10.302316,ok
1030723,0012258-87.2016.8.16.0025,20,1,2026-01-06T06:12:10.302316,ok
1030724,0000144-30.2018.8.16.0031,20,1,2026-01-06T06:12:10.302316,ok
1030725,0060480-59.2019.8.16.0000,20,1,2026-01-06T06:12:10.302316,ok
1030726,0061822-08.2019.8.16.0000,20,1,2026-01-06T06:12:10.302316,ok
1030727,0061895-77.2019.8.16.0000,20,1,2026-01-06T06:12:10.302316,ok
1030728,0062495-98.2019.8.16.0000,20,1,2026-01-06T06:12:10.302316,ok
1030729,0063004-29.2019.8.16.0000,20,1,2026-01-06T06:12:10.302316,ok
1030730,0062529-73.2019.8.16.0000,20,1,2026-01-06T06:12:10.302316,ok
1030731,0063259-84.2019.8.16.0000,20,1,2026-01-06T06:12:10.302316,ok
1030732,0063563-83.2019.8.16.0000,20,1,2026-01-06T06:12:10.302316,ok
1030733,0063768-15.2019.8.16.0000,20,1,2026-01-06T06:12:10.302316,ok
1030734,0016120-39.2019.8.16.0000,20,1,2026-01-06T06:12:10.302316,ok
1030735,0058109-25.2019.8.16.0000,20,1,2026-01-06T06:12:10.302316,ok
1030736,0059958-32.2019.8.16.0000,20,1,2026-01-06T06:12:10.302316,ok
1030737,0062038-66.2019.8.16.0000,20,1,2026-01-06T06:12:10.302316,ok
1030738,0062714-14.2019.8.16.0000,20,1,2026-01-06T06:12:10.302316,ok
1030739,0062746-19.2019.8.16.0000,20,1,2026-01-06T06:12:10.302316,ok
1030740,0062793-90.2019.8.16.0000,20,1,2026-01-06T06:12:10.302316,ok
1030741,0001776-15.2012.8.16.0092,20,1,2026-01-06T06:12:10.302316,ok
1030742,0061794-40.2019.8.16.0000,20,1,2026-01-06T06:12:10.302316,ok
1030743,0035793-18.2019.8.16.0000,20,1,2026-01-06T06:12:10.302316,ok
1030744,0048001-34.2019.8.16.0000,20,1,2026-01-06T06:12:10.302316,ok
1030745,0001655-54.2017.8.16.0013,20,1,2026-01-06T06:12:10.302316,ok
1030746,0000882-31.2005.8.16.0174,20,1,2026-01-06T06:12:10.302316,ok
1030747,0005490-81.2019.8.16.0174,20,1,2026-01-06T06:12:10.302316,ok
1030748,0049899-82.2019.8.16.0000,20,1,2026-01-06T06:12:10.302316,ok
1030749,0064799-70.2019.8.16.0000,20,1,2026-01-06T06:12:10.302316,ok
1030750,0001639-97.2017.8.16.0014,20,1,2026-01-06T06:12:10.302316,ok
1030751,0063777-74.2019.8.16.0000,20,1,2026-01-06T06:12:10.302316,ok
1030752,0002885-25.2017.8.16.0113,20,1,2026-01-06T06:12:10.302316,ok
1030753,0049148-95.2019.8.16.0000,20,1,2026-01-06T06:12:10.302316,ok
1030754,0060518-71.2019.8.16.0000,20,1,2026-01-06T06:12:10.302316,ok
1030755,0049475-40.2019.8.16.0000,20,1,2026-01-06T06:12:10.302316,ok
1030756,0014912-51.2018.8.16.0001,20,1,2026-01-06T06:12:10.302316,ok
1030757,0064499-11.2019.8.16.0000,20,1,2026-01-06T06:12:10.302316,ok
1030758,0042936-58.2019.8.16.0000,20,1,2026-01-06T06:12:10.302316,ok
1030759,0082899-02.2017.8.16.0014,20,1,2026-01-06T06:12:10.302316,ok
1030760,0057458-90.2019.8.16.0000,20,1,2026-01-06T06:12:10.302316,ok
1030761,0000077-88.1999.8.16.0077,20,1,2026-01-06T06:12:10.302316,ok
1030762,0064273-06.2019.8.16.0000,20,1,2026-01-06T06:12:10.302316,ok
1030763,0009613-62.2018.8.16.0173,20,1,2026-01-06T06:12:10.302316,ok
1030764,0042962-56.2019.8.16.0000,20,1,2026-01-06T06:12:10.302316,ok
1030765,0025360-52.2019.8.16.0000,20,1,2026-01-06T06:12:10.302316,ok
1030766,0064716-54.2019.8.16.0000,20,1,2026-01-06T06:12:10.302316,ok
1030767,0049166-19.2019.8.16.0000,30,1,2026-01-06T06:12:10.302316,ok
1030768,0000500-64.2007.8.16.0078,30,1,2026-01-06T06:12:10.302316,ok
1030769,0009123-75.2018.8.16.0129,30,1,2026-01-06T06:12:10.302316,ok
1030770,0000048-80.1998.8.16.0042,30,1,2026-01-06T06:12:10.302316,ok
1030771,0052215-68.2019.8.16.0000,30,1,2026-01-06T06:12:10.302316,ok
1030772,0000991-10.2016.8.16.0061,30,1,2026-01-06T06:12:10.302316,ok
1030773,0053791-96.2019.8.16.0000,30,1,2026-01-06T06:12:10.302316,ok
1030774,0005936-52.2011.8.16.0146,30,1,2026-01-06T06:12:10.302316,ok
1030775,0019475-06.2009.8.16.0001,30,1,2026-01-06T06:12:10.302316,ok
1030776,0003635-18.2017.8.16.0019,30,1,2026-01-06T06:12:10.302316,ok
1030777,0002290-08.2013.8.16.0035,30,1,2026-01-06T06:12:10.302316,ok
1030778,0007573-47.2013.8.16.0185,30,1,2026-01-06T06:12:10.302316,ok
1030779,0009611-55.2007.8.16.0116,30,1,2026-01-06T06:12:10.302316,ok
1030780,0002766-55.2013.8.16.0129,30,1,2026-01-06T06:12:10.302316,ok
1030781,0005644-55.2010.8.16.0129,30,1,2026-01-06T06:12:10.302316,ok
1030782,0015601-27.2003.8.16.0129,30,1,2026-01-06T06:12:10.302316,ok
1030783,0002079-39.2018.8.16.0053,30,1,2026-01-06T06:12:10.302316,ok
1030784,0003079-57.2019.8.16.0112,30,1,2026-01-06T06:12:10.302316,ok
1030785,0051402-41.2019.8.16.0000,30,1,2026-01-06T06:12:10.302316,ok
1030786,0003846-03.2001.8.16.0185,30,1,2026-01-06T06:12:10.302316,ok
1030787,0021681-60.2010.8.16.0129,30,1,2026-01-06T06:12:10.302316,ok
1030788,0020602-09.2009.8.16.0185,30,1,2026-01-06T06:12:10.302316,ok
1030789,0028670-66.2019.8.16.0000,30,1,2026-01-06T06:12:10.302316,ok
1030790,0000238-89.2017.8.16.0070,30,1,2026-01-06T06:12:10.302316,ok
1030791,0004916-55.2011.8.16.0104,30,1,2026-01-06T06:12:10.302316,ok
1030792,0019242-67.2013.8.16.0001,30,1,2026-01-06T06:12:10.302316,ok
1030793,0007881-14.2017.8.16.0001,30,1,2026-01-06T06:12:10.302316,ok
1030794,0007112-98.2016.8.16.0014,30,1,2026-01-06T06:12:10.302316,ok
1030795,0000512-62.2018.8.16.0088,30,1,2026-01-06T06:12:10.302316,ok
1030796,0002301-22.2011.8.16.0095,30,1,2026-01-06T06:12:10.302316,ok
1030797,0015254-91.2007.8.16.0019,30,1,2026-01-06T06:12:10.302316,ok
1030798,0045871-71.2019.8.16.0000,30,1,2026-01-06T06:12:10.302316,ok
1030799,0026194-60.2017.8.16.0021,30,1,2026-01-06T06:12:10.302316,ok
1030800,0000948-39.2018.8.16.0082,30,1,2026-01-06T06:12:10.302316,ok
1030801,0000340-92.2018.8.16.0162,30,1,2026-01-06T06:12:10.302316,ok
1030802,0000675-13.2016.8.16.0185,30,1,2026-01-06T06:12:10.302316,ok
1030803,0027166-25.2019.8.16.0000,30,1,2026-01-06T06:12:10.302316,ok
1030804,0000037-10.1998.8.16.0185,30,1,2026-01-06T06:12:10.302316,ok
1030805,0006056-14.2009.8.16.0034,30,1,2026-01-06T06:12:10.302316,ok
1030806,0015548-46.2003.8.16.0129,30,1,2026-01-06T06:12:10.302316,ok
1030807,0020131-14.2019.8.16.0000,30,1,2026-01-06T06:12:10.302316,ok
1030808,0005455-08.2017.8.16.0105,30,1,2026-01-06T06:12:10.302316,ok
1030809,0009559-64.2017.8.16.0001,30,1,2026-01-06T06:12:10.302316,ok
1030810,0007634-91.2017.8.16.0014,30,1,2026-01-06T06:12:10.302316,ok
1030811,0002792-63.2017.8.16.0145,30,1,2026-01-06T06:12:10.302316,ok
1030812,0006831-81.2018.8.16.0044,30,1,2026-01-06T06:12:10.302316,ok
1030813,0044558-44.2011.8.16.0004,30,1,2026-01-06T06:12:10.302316,ok
1030814,0036828-68.2019.8.16.0014,30,1,2026-01-06T06:12:10.302316,ok
1030815,0019886-34.2018.8.16.0001,30,1,2026-01-06T06:12:10.302316,ok
1030816,0003311-33.2017.8.16.0179,30,1,2026-01-06T06:12:10.302316,ok
1030817,0000882-71.2018.8.16.0175,27,1,2026-01-06T06:12:10.302316,ok
1030818,0032926-83.2018.8.16.0001,27,1,2026-01-06T06:12:10.302316,ok
1030819,0008959-38.2016.8.16.0014,27,1,2026-01-06T06:12:10.302316,ok
1030820,0033063-34.2019.8.16.0000,27,1,2026-01-06T06:12:10.302316,ok
1030821,0020407-22.2018.8.16.0019,27,1,2026-01-06T06:12:10.302316,ok
1030822,0027408-88.2013.8.16.0001,27,1,2026-01-06T06:12:10.302316,ok
1030823,0036925-13.2019.8.16.0000,27,1,2026-01-06T06:12:10.302316,ok
1030824,0037759-16.2019.8.16.0000,27,1,2026-01-06T06:12:10.302316,ok
1030825,0038234-69.2019.8.16.0000,27,1,2026-01-06T06:12:10.302316,ok
1030826,0039744-20.2019.8.16.0000,27,1,2026-01-06T06:12:10.302316,ok
1030827,0040761-91.2019.8.16.0000,27,1,2026-01-06T06:12:10.302316,ok
1030828,0041216-56.2019.8.16.0000,27,1,2026-01-06T06:12:10.302316,ok
1030829,0041955-29.2019.8.16.0000,27,1,2026-01-06T06:12:10.302316,ok
1030830,0035603-23.2017.8.16.0001,27,1,2026-01-06T06:12:10.302316,ok
1030831,0046232-88.2019.8.16.0000,27,1,2026-01-06T06:12:10.302316,ok
1030832,0046812-21.2019.8.16.0000,27,1,2026-01-06T06:12:10.302316,ok
1030833,0047198-51.2019.8.16.0000,27,1,2026-01-06T06:12:10.302316,ok
1030834,0001005-85.2018.8.16.0105,27,1,2026-01-06T06:12:10.302316,ok
1030835,0007139-21.2019.8.16.0000,27,1,2026-01-06T06:12:10.302316,ok
1030836,0002147-11.2017.8.16.0154,27,1,2026-01-06T06:12:10.302316,ok
1030837,0024819-19.2019.8.16.0000,27,1,2026-01-06T06:12:10.302316,ok
1030838,0020666-08.2017.8.16.0001,27,1,2026-01-06T06:12:10.302316,ok
1030839,0003377-35.2018.8.16.0128,27,1,2026-01-06T06:12:10.302316,ok
1030840,0031389-21.2019.8.16.0000,27,1,2026-01-06T06:12:10.302316,ok
1030841,0033747-56.2019.8.16.0000,27,1,2026-01-06T06:12:10.302316,ok
1030842,0010189-28.2010.8.16.0014,27,1,2026-01-06T06:12:10.302316,ok
1030843,0035341-08.2019.8.16.0000,27,1,2026-01-06T06:12:10.302316,ok
1030844,0035922-23.2019.8.16.0000,27,1,2026-01-06T06:12:10.302316,ok
1030845,0036316-30.2019.8.16.0000,27,1,2026-01-06T06:12:10.302316,ok
1030846,0004154-35.2013.8.16.0115,27,1,2026-01-06T06:12:10.302316,ok
1030847,0020951-98.2017.8.16.0001,27,1,2026-01-06T06:12:10.302316,ok
1030848,0003119-32.2017.8.16.0040,27,1,2026-01-06T06:12:10.302316,ok
1030849,0040047-34.2019.8.16.0000,27,1,2026-01-06T06:12:10.302316,ok
1030850,0040348-78.2019.8.16.0000,27,1,2026-01-06T06:12:10.302316,ok
1030851,0040980-07.2019.8.16.0000,27,1,2026-01-06T06:12:10.302316,ok
1030852,0000956-33.2018.8.16.0044,27,1,2026-01-06T06:12:10.302316,ok
1030853,0042142-37.2019.8.16.0000,27,1,2026-01-06T06:12:10.302316,ok
1030854,0003167-06.2019.8.16.0174,27,1,2026-01-06T06:12:10.302316,ok
1030855,0001720-74.2013.8.16.0147,27,1,2026-01-06T06:12:10.302316,ok
1030856,0000293-57.1996.8.16.0173,27,1,2026-01-06T06:12:10.302316,ok
1030857,0044021-79.2019.8.16.0000,27,1,2026-01-06T06:12:10.302316,ok
1030858,0002534-69.2018.8.16.0193,27,1,2026-01-06T06:12:10.302316,ok
1030859,0044126-56.2019.8.16.0000,27,1,2026-01-06T06:12:10.302316,ok
1030860,0000915-30.2019.8.16.0174,27,1,2026-01-06T06:12:10.302316,ok
1030861,0045489-78.2019.8.16.0000,27,1,2026-01-06T06:12:10.302316,ok
1030862,0082423-61.2017.8.16.0014,27,1,2026-01-06T06:12:10.302316,ok
1030863,0012643-62.2018.8.16.0058,27,1,2026-01-06T06:12:10.302316,ok
1030864,0011434-79.2007.8.16.0014,27,1,2026-01-06T06:12:10.302316,ok
1030865,0067217-41.2016.8.16.0014,27,1,2026-01-06T06:12:10.302316,ok
1030866,0020706-36.2013.8.16.0031,27,1,2026-01-06T06:12:10.302316,ok
1030867,0002295-83.2019.8.16.0014,33,1,2026-01-06T06:12:10.302316,ok
1030868,0003372-59.2019.8.16.0069,33,1,2026-01-06T06:12:10.302316,ok
1030869,0005017-33.2018.8.16.0109,33,1,2026-01-06T06:12:10.302316,ok
1030870,0022311-78.2017.8.16.0030,33,1,2026-01-06T06:12:10.302316,ok
1030871,0000031-78.2019.8.16.0019,33,1,2026-01-06T06:12:10.302316,ok
1030872,0017795-71.2019.8.16.0021,33,1,2026-01-06T06:12:10.302316,ok
1030873,0004994-11.2019.8.16.0026,33,1,2026-01-06T06:12:10.302316,ok
1030874,0050737-32.2017.8.16.0182,33,1,2026-01-06T06:12:10.302316,ok
1030875,0004269-59.2017.8.16.0004,33,1,2026-01-06T06:12:10.302316,ok
1030876,0039190-58.2018.8.16.0182,33,1,2026-01-06T06:12:10.302316,ok
1030877,0000627-03.2019.8.16.0071,33,1,2026-01-06T06:12:10.302316,ok
1030878,0004463-17.2016.8.16.0191,33,1,2026-01-06T06:12:10.302316,ok
1030879,0010160-34.2018.8.16.0131,33,1,2026-01-06T06:12:10.302316,ok
1030880,0004793-19.2019.8.16.0026,33,1,2026-01-06T06:12:10.302316,ok
1030881,0043008-18.2018.8.16.0182,33,1,2026-01-06T06:12:10.302316,ok
1030882,0003549-91.2018.8.16.0090,33,1,2026-01-06T06:12:10.302316,ok
1030883,0014665-38.2018.8.16.0044,33,1,2026-01-06T06:12:10.302316,ok
1030884,0050386-25.2018.8.16.0182,33,1,2026-01-06T06:12:10.302316,ok
1030885,0002637-02.2019.8.16.0077,33,1,2026-01-06T06:12:10.302316,ok
1030886,0010812-56.2017.8.16.0173,33,1,2026-01-06T06:12:10.302316,ok
1030887,0019611-12.2019.8.16.0014,33,1,2026-01-06T06:12:10.302316,ok
1030888,0003040-63.2019.8.16.0014,33,1,2026-01-06T06:12:10.302316,ok
1030889,0019664-08.2018.8.16.0182,33,1,2026-01-06T06:12:10.302316,ok
1030890,0000033-39.2019.8.16.0119,33,1,2026-01-06T06:12:10.302316,ok
1030891,0001258-49.2019.8.16.0037,33,1,2026-01-06T06:12:10.302316,ok
1030892,0003516-14.2017.8.16.0098,33,1,2026-01-06T06:12:10.302316,ok
1030893,0036890-24.2018.8.16.0021,33,1,2026-01-06T06:12:10.302316,ok
1030894,0012200-37.2016.8.16.0170,33,1,2026-01-06T06:12:10.302316,ok
1030895,0001653-18.2019.8.16.0077,33,1,2026-01-06T06:12:10.302316,ok
1030896,0008072-49.2019.8.16.0014,33,1,2026-01-06T06:12:10.302316,ok
1030897,0031500-46.2018.8.16.0030,33,1,2026-01-06T06:12:10.302316,ok
1030898,0003365-46.2019.8.16.9000,33,1,2026-01-06T06:12:10.302316,ok
1030899,0002501-58.2018.8.16.0103,33,1,2026-01-06T06:12:10.302316,ok
1030900,0000712-28.2018.8.16.0037,33,1,2026-01-06T06:12:10.302316,ok
1030901,0001027-52.2018.8.16.0103,33,1,2026-01-06T06:12:10.302316,ok
1030902,0001240-78.2019.8.16.0182,33,1,2026-01-06T06:12:10.302316,ok
1030903,0000743-36.2018.8.16.0041,33,1,2026-01-06T06:12:10.302316,ok
1030904,0002542-28.2019.8.16.0026,33,1,2026-01-06T06:12:10.302316,ok
1030905,0003968-22.2019.8.16.9000,33,1,2026-01-06T06:12:10.302316,ok
1030906,0003171-38.2018.8.16.0090,33,1,2026-01-06T06:12:10.302316,ok
1030907,0007937-75.2018.8.16.0045,33,1,2026-01-06T06:12:10.302316,ok
1030908,0017712-91.2018.8.16.0182,33,1,2026-01-06T06:12:10.302316,ok
1030909,0000626-08.2018.8.16.0021,33,1,2026-01-06T06:12:10.302316,ok
1030910,0005903-25.2018.8.16.0079,33,1,2026-01-06T06:12:10.302316,ok
1030911,0032973-40.2017.8.16.0018,33,1,2026-01-06T06:12:10.302316,ok
1030912,0000245-90.2018.8.16.0088,33,1,2026-01-06T06:12:10.302316,ok
1030913,0007843-70.2019.8.16.0182,33,1,2026-01-06T06:12:10.302316,ok
1030914,0001660-10.2019.8.16.0077,33,1,2026-01-06T06:12:10.302316,ok
1030915,0008402-27.2019.8.16.0182,33,1,2026-01-06T06:12:10.302316,ok
1030916,0001662-77.2019.8.16.0077,33,1,2026-01-06T06:12:10.302316,ok
1030917,0000208-58.2017.8.16.0004,28,1,2026-01-06T06:12:10.302316,ok
1030918,0003970-44.2017.8.16.0049,28,1,2026-01-06T06:12:10.302316,ok
1030919,0002109-67.2014.8.16.0036,28,1,2026-01-06T06:12:10.302316,ok
1030920,0033062-49.2019.8.16.0000,28,1,2026-01-06T06:12:10.302316,ok
1030921,0037865-75.2019.8.16.0000,28,1,2026-01-06T06:12:10.302316,ok
1030922,0038399-19.2019.8.16.0000,28,1,2026-01-06T06:12:10.302316,ok
1030923,0004410-94.2017.8.16.0031,28,1,2026-01-06T06:12:10.302316,ok
1030924,0039520-82.2019.8.16.0000,28,1,2026-01-06T06:12:10.302316,ok
1030925,0012742-52.2018.8.16.0019,28,1,2026-01-06T06:12:10.302316,ok
1030926,0041360-30.2019.8.16.0000,28,1,2026-01-06T06:12:10.302316,ok
1030927,0000774-64.2017.8.16.0179,28,1,2026-01-06T06:12:10.302316,ok
1030928,0029165-87.2018.8.16.0019,28,1,2026-01-06T06:12:10.302316,ok
1030929,0002638-70.2018.8.16.0190,28,1,2026-01-06T06:12:10.302316,ok
1030930,0008343-83.2017.8.16.0190,28,1,2026-01-06T06:12:10.302316,ok
1030931,0037404-76.2018.8.16.0182,28,1,2026-01-06T06:12:10.302316,ok
1030932,0047023-15.2019.8.16.0014,28,1,2026-01-06T06:12:10.302316,ok
1030933,0031909-25.2013.8.16.0021,28,1,2026-01-06T06:12:10.302316,ok
1030934,0007987-89.2006.8.16.0185,28,1,2026-01-06T06:12:10.302316,ok
1030935,0032829-20.2017.8.16.0001,28,1,2026-01-06T06:12:10.302316,ok
1030936,0007023-46.2018.8.16.0001,28,1,2026-01-06T06:12:10.302316,ok
1030937,0001506-66.2010.8.16.0025,28,1,2026-01-06T06:12:10.302316,ok
1030938,0012537-79.2017.8.16.0044,28,1,2026-01-06T06:12:10.302316,ok
1030939,0002079-77.2017.8.16.0084,28,1,2026-01-06T06:12:10.302316,ok
1030940,0011124-63.2016.8.16.0174,28,1,2026-01-06T06:12:10.302316,ok
1030941,0040712-57.2013.8.16.0001,28,1,2026-01-06T06:12:10.302316,ok
1030942,0010625-54.2011.8.16.0045,28,1,2026-01-06T06:12:10.302316,ok
1030943,0004386-91.2018.8.16.0173,28,1,2026-01-06T06:12:10.302316,ok
1030944,0001845-12.2012.8.16.0136,28,1,2026-01-06T06:12:10.302316,ok
1030945,0001849-77.2012.8.16.0159,28,1,2026-01-06T06:12:10.302316,ok
1030946,0004600-44.2016.8.16.0079,28,1,2026-01-06T06:12:10.302316,ok
1030947,0004027-03.2017.8.16.0101,28,1,2026-01-06T06:12:10.302316,ok
1030948,0028294-33.2013.8.16.0019,28,1,2026-01-06T06:12:10.302316,ok
1030949,0005684-82.2010.8.16.0017,28,1,2026-01-06T06:12:10.302316,ok
1030950,0042245-36.2018.8.16.0014,28,1,2026-01-06T06:12:10.302316,ok
1030951,0025233-82.2017.8.16.0001,28,1,2026-01-06T06:12:10.302316,ok
1030952,0002464-95.2018.8.16.0017,28,1,2026-01-06T06:12:10.302316,ok
1030953,0004433-26.2018.8.16.0089,28,1,2026-01-06T06:12:10.302316,ok
1030954,0004319-55.2004.8.16.0129,28,1,2026-01-06T06:12:10.302316,ok
1030955,0006363-94.2015.8.16.0021,28,1,2026-01-06T06:12:10.302316,ok
1030956,0001196-87.2015.8.16.0024,28,1,2026-01-06T06:12:10.302316,ok
1030957,0000068-92.2018.8.16.0164,28,1,2026-01-06T06:12:10.302316,ok
1030958,0022177-73.2019.8.16.0000,28,1,2026-01-06T06:12:10.302316,ok
1030959,0027157-63.2019.8.16.0000,28,1,2026-01-06T06:12:10.302316,ok
1030960,0071088-45.2017.8.16.0014,28,1,2026-01-06T06:12:10.302316,ok
1030961,0030498-97.2019.8.16.0000,28,1,2026-01-06T06:12:10.302316,ok
1030962,0002198-77.2016.8.16.0147,28,1,2026-01-06T06:12:10.302316,ok
1030963,0001654-24.2018.8.16.0146,28,1,2026-01-06T06:12:10.302316,ok
1030964,0009926-95.2017.8.16.0031,28,1,2026-01-06T06:12:10.302316,ok
1030965,0032587-93.2019.8.16.0000,28,1,2026-01-06T06:12:10.302316,ok
1030966,0009616-14.2017.8.16.0056,28,1,2026-01-06T06:12:10.302316,ok
1030967,0009158-32.2018.8.16.0130,34,1,2026-01-06T06:12:10.302316,ok
1030968,0002436-34.2019.8.16.0069,34,1,2026-01-06T06:12:10.302316,ok
1030969,0001588-90.2017.8.16.0045,34,1,2026-01-06T06:12:10.302316,ok
1030970,0000518-23.2017.8.16.0050,34,1,2026-01-06T06:12:10.302316,ok
1030971,0003924-24.2019.8.16.0069,34,1,2026-01-06T06:12:10.302316,ok
1030972,0000668-05.2017.8.16.0082,34,1,2026-01-06T06:12:10.302316,ok
1030973,0004733-85.2018.8.16.0089,34,1,2026-01-06T06:12:10.302316,ok
1030974,0002154-81.2017.8.16.0031,34,1,2026-01-06T06:12:10.302316,ok
1030975,0045503-35.2018.8.16.0182,34,1,2026-01-06T06:12:10.302316,ok
1030976,0042063-31.2018.8.16.0182,34,1,2026-01-06T06:12:10.302316,ok
1030977,0043338-15.2018.8.16.0182,34,1,2026-01-06T06:12:10.302316,ok
1030978,0042657-45.2018.8.16.0182,34,1,2026-01-06T06:12:10.302316,ok
1030979,0011216-29.2018.8.16.0026,34,1,2026-01-06T06:12:10.302316,ok
1030980,0003553-12.2019.8.16.0182,34,1,2026-01-06T06:12:10.302316,ok
1030981,0005666-32.2017.8.16.0109,34,1,2026-01-06T06:12:10.302316,ok
1030982,0019128-98.2018.8.16.0019,34,1,2026-01-06T06:12:10.302316,ok
1030983,0004756-83.2017.8.16.0083,34,1,2026-01-06T06:12:10.302316,ok
1030984,0001843-50.2018.8.16.0130,34,1,2026-01-06T06:12:10.302316,ok
1030985,0000896-45.2019.8.16.0070,34,1,2026-01-06T06:12:10.302316,ok
1030986,0001576-09.2018.8.16.0056,34,1,2026-01-06T06:12:10.302316,ok
1030987,0003165-19.2019.8.16.0018,34,1,2026-01-06T06:12:10.302316,ok
1030988,0076074-08.2018.8.16.0014,34,1,2026-01-06T06:12:10.302316,ok
1030989,0011825-14.2019.8.16.0014,34,1,2026-01-06T06:12:10.302316,ok
1030990,0006621-27.2018.8.16.0045,34,1,2026-01-06T06:12:10.302316,ok
1030991,0002294-98.2019.8.16.0014,34,1,2026-01-06T06:12:10.302316,ok
1030992,0080879-04.2018.8.16.0014,34,1,2026-01-06T06:12:10.302316,ok
1030993,0016600-16.2018.8.16.0044,34,1,2026-01-06T06:12:10.302316,ok
1030994,0006747-20.2019.8.16.0182,34,1,2026-01-06T06:12:10.302316,ok
1030995,0009951-92.2018.8.16.0025,34,1,2026-01-06T06:12:10.302316,ok
1030996,0003351-07.2018.8.16.0041,34,1,2026-01-06T06:12:10.302316,ok
1030997,0000338-63.2019.8.16.0041,34,1,2026-01-06T06:12:10.302316,ok
1030998,0001773-09.2018.8.16.0138,34,1,2026-01-06T06:12:10.302316,ok
